fn,cl,xmin,ymin,xmax,ymax
chair-1.jpg,chair,5,77,80,190
chair-10.jpg,chair,8,4,133,213
chair-10.jpg,chair,140,36,206,177
chair-100.jpg,chair,6,8,213,215
chair-101.jpg,chair,67,16,172,205
chair-102.jpg,chair,38,20,188,202
chair-103.jpg,chair,62,11,162,207
chair-104.jpg,chair,29,25,182,208
chair-105.jpg,chair,51,15,178,207
chair-106.jpg,chair,70,9,153,200
chair-107.jpg,chair,5,5,218,217
chair-108.jpg,chair,58,14,167,210
chair-109.jpg,chair,16,10,209,217
chair-11.jpg,chair,13,8,119,181
chair-11.jpg,chair,96,37,207,213
chair-110.jpg,chair,30,24,199,208
chair-111.jpg,chair,49,22,197,211
chair-112.jpg,chair,63,62,156,157
chair-113.jpg,chair,9,7,219,214
chair-113.jpg,chair,7,4,9,6
chair-114.jpg,chair,16,4,210,211
chair-115.jpg,chair,61,93,209,207
chair-116.jpg,chair,31,14,193,183
chair-117.jpg,chair,20,47,108,176
chair-117.jpg,chair,117,34,200,167
chair-118.jpg,chair,58,21,110,200
chair-118.jpg,chair,110,22,179,199
chair-119.jpg,chair,4,33,115,202
chair-12.jpg,chair,41,14,114,212
chair-12.jpg,chair,142,38,197,182
chair-120.jpg,chair,58,15,166,208
chair-121.jpg,chair,43,38,174,199
chair-122.jpg,chair,3,7,186,217
chair-123.jpg,chair,61,3,162,205
chair-124.jpg,chair,52,47,166,188
chair-125.jpg,chair,54,10,172,212
chair-126.jpg,chair,19,7,105,181
chair-126.jpg,chair,108,20,203,216
chair-127.jpg,chair,18,12,110,200
chair-127.jpg,chair,128,10,207,207
chair-128.jpg,chair,44,22,184,209
chair-129.jpg,chair,3,10,221,219
chair-13.jpg,chair,10,39,66,198
chair-13.jpg,chair,82,40,139,196
chair-13.jpg,chair,158,44,219,198
chair-130.jpg,chair,43,11,177,207
chair-131.jpg,chair,67,26,159,202
chair-132.jpg,chair,14,47,82,162
chair-132.jpg,chair,92,52,173,179
chair-133.jpg,chair,20,19,219,192
chair-134.jpg,chair,4,32,144,213
chair-134.jpg,chair,144,6,217,105
chair-135.jpg,chair,58,7,167,182
chair-136.jpg,chair,31,12,104,195
chair-136.jpg,chair,123,12,182,177
chair-137.jpg,chair,30,3,191,210
chair-138.jpg,chair,1,5,220,213
chair-139.jpg,chair,50,49,105,172
chair-139.jpg,chair,117,48,163,174
chair-14.jpg,chair,64,5,138,223
chair-140.jpg,chair,25,16,198,205
chair-141.jpg,chair,47,14,178,205
chair-142.jpg,chair,36,7,192,214
chair-143.jpg,chair,36,10,181,208
chair-144.jpg,chair,25,5,193,210
chair-145.jpg,chair,41,17,119,186
chair-145.jpg,chair,114,14,181,182
chair-146.jpg,chair,16,6,206,219
chair-147.jpg,chair,53,25,108,177
chair-147.jpg,chair,116,27,184,173
chair-148.jpg,chair,1,76,69,162
chair-148.jpg,chair,80,65,135,162
chair-148.jpg,chair,158,50,222,155
chair-149.jpg,chair,50,8,174,210
chair-15.jpg,chair,20,25,85,213
chair-15.jpg,chair,170,74,211,211
chair-150.jpg,chair,48,5,176,205
chair-151.jpg,chair,60,18,166,193
chair-152.jpg,chair,60,46,171,193
chair-153.jpg,chair,85,22,215,215
chair-154.jpg,chair,56,2,164,220
chair-155.jpg,chair,44,9,171,199
chair-156.jpg,chair,52,11,180,205
chair-157.jpg,chair,51,12,166,213
chair-158.jpg,chair,14,35,122,210
chair-158.jpg,chair,108,5,214,185
chair-159.jpg,chair,59,38,159,207
chair-16.jpg,chair,17,104,71,202
chair-16.jpg,chair,79,110,148,217
chair-16.jpg,chair,122,70,190,171
chair-16.jpg,chair,67,24,115,98
chair-16.jpg,chair,119,9,169,70
chair-160.jpg,chair,6,32,104,188
chair-160.jpg,chair,123,33,215,190
chair-161.jpg,chair,39,19,193,212
chair-162.jpg,chair,37,1,186,216
chair-163.jpg,chair,76,54,148,166
chair-164.jpg,chair,61,20,163,190
chair-165.jpg,chair,71,9,155,209
chair-166.jpg,chair,46,10,188,197
chair-167.jpg,chair,71,40,154,196
chair-168.jpg,chair,24,15,70,210
chair-168.jpg,chair,79,20,137,202
chair-168.jpg,chair,148,19,192,201
chair-169.jpg,chair,71,3,155,195
chair-17.jpg,chair,22,26,86,217
chair-17.jpg,chair,168,77,207,211
chair-170.jpg,chair,31,7,192,205
chair-171.jpg,chair,58,9,163,190
chair-172.jpg,chair,44,12,179,197
chair-173.jpg,chair,59,14,158,203
chair-174.jpg,chair,60,17,166,191
chair-18.jpg,chair,14,101,70,206
chair-18.jpg,chair,78,107,130,216
chair-18.jpg,chair,69,21,116,96
chair-180.jpg,chair,47,8,180,210
chair-181.jpg,chair,56,13,170,202
chair-182.jpg,chair,74,39,148,195
chair-183.jpg,chair,37,7,196,212
chair-184.jpg,chair,51,45,175,187
chair-185.jpg,chair,30,16,99,200
chair-185.jpg,chair,129,15,203,203
chair-186.jpg,chair,47,18,166,203
chair-187.jpg,chair,8,4,205,211
chair-188.jpg,chair,55,8,167,211
chair-189.jpg,chair,36,17,185,200
chair-19.jpg,chair,80,64,138,110
chair-190.jpg,chair,73,12,146,210
chair-191.jpg,chair,59,9,163,207
chair-192.jpg,chair,42,12,183,202
chair-193.jpg,chair,73,2,150,216
chair-194.jpg,chair,74,14,152,208
chair-195.jpg,chair,47,5,182,215
chair-196.jpg,chair,14,10,216,206
chair-197.jpg,chair,50,12,174,213
chair-199.jpg,chair,22,28,111,198
chair-199.jpg,chair,147,125,209,220
chair-199.jpg,chair,147,15,209,110
chair-2.jpg,chair,107,77,145,209
chair-2.jpg,chair,159,69,186,168
chair-2.jpg,chair,197,65,213,101
chair-200.jpg,chair,55,14,172,206
chair-201.jpg,chair,58,17,163,206
chair-202.jpg,chair,50,28,164,191
chair-203.jpg,chair,44,7,186,212
chair-204.jpg,chair,60,7,164,213
chair-205.jpg,chair,51,6,177,209
chair-206.jpg,chair,74,10,159,210
chair-207.jpg,chair,55,14,178,202
chair-208.jpg,chair,58,9,164,197
chair-209.jpg,chair,52,9,172,217
chair-21.jpg,chair,25,62,151,211
chair-210.jpg,chair,11,18,66,215
chair-210.jpg,chair,88,23,140,207
chair-210.jpg,chair,160,31,214,199
chair-211.jpg,chair,168,22,219,178
chair-211.jpg,chair,119,40,177,223
chair-211.jpg,chair,84,14,125,155
chair-211.jpg,chair,44,25,88,197
chair-211.jpg,chair,9,6,55,153
chair-212.jpg,chair,3,26,65,209
chair-212.jpg,chair,83,15,144,209
chair-212.jpg,chair,156,9,220,209
chair-213.jpg,chair,3,2,68,221
chair-213.jpg,chair,77,2,143,220
chair-213.jpg,chair,151,3,220,221
chair-214.jpg,chair,10,13,68,209
chair-214.jpg,chair,85,10,144,217
chair-214.jpg,chair,154,14,219,210
chair-215.jpg,chair,14,16,118,217
chair-215.jpg,chair,129,31,215,193
chair-216.jpg,chair,71,28,110,191
chair-216.jpg,chair,154,24,186,197
chair-217.jpg,chair,7,17,106,211
chair-217.jpg,chair,122,8,221,211
chair-218.jpg,chair,63,12,166,210
chair-219.jpg,chair,37,9,183,216
chair-22.jpg,chair,43,78,125,194
chair-220.jpg,chair,52,48,180,189
chair-23.jpg,chair,44,53,103,98
chair-24.jpg,chair,8,98,99,208
chair-26.jpg,chair,47,7,177,203
chair-27.jpg,chair,19,35,209,206
chair-28.jpg,chair,16,7,209,218
chair-29.jpg,chair,57,12,170,208
chair-3.jpg,chair,38,19,83,201
chair-3.jpg,chair,93,30,132,204
chair-3.jpg,chair,143,19,190,205
chair-30.jpg,chair,23,51,109,171
chair-30.jpg,chair,117,50,203,165
chair-31.jpg,chair,49,14,180,222
chair-32.jpg,chair,4,3,119,211
chair-32.jpg,chair,130,9,216,159
chair-33.jpg,chair,18,34,109,205
chair-33.jpg,chair,124,40,207,207
chair-34.jpg,chair,27,21,197,204
chair-35.jpg,chair,28,23,184,213
chair-36.jpg,chair,63,28,169,217
chair-37.jpg,chair,59,30,165,200
chair-38.jpg,chair,35,45,190,185
chair-39.jpg,chair,66,24,170,209
chair-4.jpg,chair,2,29,59,192
chair-4.jpg,chair,81,29,143,196
chair-4.jpg,chair,152,26,221,195
chair-40.jpg,chair,48,21,201,213
chair-41.jpg,chair,62,80,164,199
chair-42.jpg,chair,49,17,175,208
chair-44.jpg,chair,51,16,174,211
chair-45.jpg,chair,70,47,160,185
chair-46.jpg,chair,4,5,219,215
chair-48.jpg,chair,97,30,205,204
chair-48.jpg,chair,16,15,91,163
chair-49.jpg,chair,16,4,98,218
chair-49.jpg,chair,121,5,208,216
chair-5.jpg,chair,8,33,82,190
chair-5.jpg,chair,82,26,155,205
chair-5.jpg,chair,146,32,215,179
chair-51.jpg,chair,56,6,167,211
chair-52.jpg,chair,26,10,200,216
chair-53.jpg,chair,71,13,153,125
chair-54.jpg,chair,59,27,168,208
chair-55.jpg,chair,24,20,202,206
chair-56.jpg,chair,4,67,103,211
chair-56.jpg,chair,76,11,135,107
chair-56.jpg,chair,144,58,219,170
chair-57.jpg,chair,11,5,216,216
chair-58.jpg,chair,33,5,189,215
chair-59.jpg,chair,48,49,196,179
chair-6.jpg,chair,22,55,75,172
chair-6.jpg,chair,81,56,143,190
chair-6.jpg,chair,145,55,202,170
chair-60.jpg,chair,48,26,171,197
chair-61.jpg,chair,45,14,175,160
chair-62.jpg,chair,68,14,158,160
chair-63.jpg,chair,7,12,219,207
chair-64.jpg,chair,13,61,132,210
chair-64.jpg,chair,120,45,213,176
chair-64.jpg,chair,58,31,140,94
chair-65.jpg,chair,30,25,202,211
chair-66.jpg,chair,60,21,165,120
chair-67.jpg,chair,36,8,163,210
chair-68.jpg,chair,50,7,177,215
chair-69.jpg,chair,51,8,171,219
chair-7.jpg,chair,27,27,108,200
chair-7.jpg,chair,145,15,205,110
chair-7.jpg,chair,148,126,204,218
chair-70.jpg,chair,3,3,184,204
chair-71.jpg,chair,60,19,164,210
chair-72.jpg,chair,26,8,198,219
chair-73.jpg,chair,50,18,175,206
chair-74.jpg,chair,77,9,151,145
chair-76.jpg,chair,37,4,196,198
chair-77.jpg,chair,55,10,170,212
chair-78.jpg,chair,25,14,191,211
chair-79.jpg,chair,49,8,175,216
chair-8.jpg,chair,4,35,76,260
chair-8.jpg,chair,78,8,155,224
chair-8.jpg,chair,146,7,224,224
chair-80.jpg,chair,51,17,170,219
chair-81.jpg,chair,15,3,192,197
chair-82.jpg,chair,20,11,203,202
chair-83.jpg,chair,54,42,177,198
chair-84.jpg,chair,71,11,153,149
chair-85.jpg,chair,67,7,163,192
chair-86.jpg,chair,55,17,172,210
chair-87.jpg,chair,45,15,178,206
chair-88.jpg,chair,5,6,140,199
chair-89.jpg,chair,17,7,125,208
chair-9.jpg,chair,28,68,82,187
chair-9.jpg,chair,88,56,141,171
chair-9.jpg,chair,148,62,190,191
chair-90.jpg,chair,57,15,170,205
chair-92.jpg,chair,63,19,163,202
chair-93.jpg,chair,26,51,133,192
chair-94.jpg,chair,74,6,146,135
chair-95.jpg,chair,15,10,215,197
chair-96.jpg,chair,30,29,112,141
chair-96.jpg,chair,90,32,188,189
chair-97.jpg,chair,21,8,187,220
chair-98.jpg,chair,65,20,160,207
chair-99.jpg,chair,55,30,167,204
chair-b-1.jpg,chair_broken,46,27,190,204
chair-b-10.jpg,chair_broken,48,42,164,185
chair-b-100.jpg,chair_broken,22,28,206,192
chair-b-101.jpg,chair_broken,48,28,165,184
chair-b-102.jpg,chair_broken,18,17,206,173
chair-b-103.jpg,chair_broken,5,12,217,201
chair-b-104.jpg,chair_broken,40,9,144,158
chair-b-105.jpg,chair_broken,132,29,220,195
chair-b-106.jpg,chair_broken,9,42,216,193
chair-b-107.jpg,chair_broken,7,35,220,207
chair-b-108.jpg,chair_broken,107,66,200,222
chair-b-109.jpg,chair_broken,15,3,210,215
chair-b-11.jpg,chair_broken,19,18,213,216
chair-b-110.jpg,chair_broken,39,26,179,195
chair-b-111.jpg,chair_broken,28,17,202,217
chair-b-112.jpg,chair_broken,12,7,192,216
chair-b-113.jpg,chair_broken,7,5,216,200
chair-b-114.jpg,chair_broken,12,10,209,211
chair-b-115.jpg,chair_broken,102,13,192,187
chair-b-116.jpg,chair_broken,20,17,200,165
chair-b-117.jpg,chair_broken,6,62,193,217
chair-b-12.jpg,chair_broken,13,15,208,183
chair-b-120.jpg,chair_broken,20,52,220,214
chair-b-121.jpg,chair_broken,34,40,206,147
chair-b-122.jpg,chair_broken,39,12,188,207
chair-b-123.jpg,chair_broken,10,31,190,214
chair-b-124.jpg,chair_broken,18,10,116,216
chair-b-124.jpg,chair_broken,124,17,222,211
chair-b-125.jpg,chair_broken,12,73,108,208
chair-b-126.jpg,chair_broken,73,51,206,206
chair-b-127.jpg,chair_broken,28,19,196,205
chair-b-128.jpg,chair_broken,20,37,212,170
chair-b-129.jpg,chair_broken,12,37,212,200
chair-b-13.jpg,chair_broken,18,25,160,178
chair-b-131.jpg,chair_broken,132,72,219,214
chair-b-131.jpg,chair_broken,97,35,175,150
chair-b-132.jpg,chair_broken,11,6,188,134
chair-b-133.jpg,chair_broken,62,38,173,181
chair-b-134.jpg,chair_broken,16,30,204,203
chair-b-135.jpg,chair_broken,39,23,183,184
chair-b-136.jpg,chair_broken,25,51,182,152
chair-b-137.jpg,chair_broken,70,24,168,135
chair-b-138.jpg,chair_broken,10,45,68,150
chair-b-138.jpg,chair_broken,83,65,176,188
chair-b-139.jpg,chair_broken,61,44,197,111
chair-b-14.jpg,chair_broken,1,6,199,191
chair-b-141.jpg,chair_broken,50,115,102,206
chair-b-15.jpg,chair_broken,28,38,211,215
chair-b-16.jpg,chair_broken,49,17,161,209
chair-b-17.jpg,chair_broken,24,5,215,218
chair-b-18.jpg,chair_broken,62,18,161,210
chair-b-19.jpg,chair_broken,35,7,185,169
chair-b-2.jpg,chair_broken,37,16,175,187
chair-b-20.jpg,chair_broken,32,29,192,143
chair-b-21.jpg,chair_broken,50,20,171,210
chair-b-22.jpg,chair_broken,27,27,204,208
chair-b-23.jpg,chair_broken,2,42,195,207
chair-b-24.jpg,chair_broken,103,7,176,175
chair-b-25.jpg,chair_broken,11,9,177,198
chair-b-26.jpg,chair_broken,10,38,203,210
chair-b-27.jpg,chair_broken,98,16,181,220
chair-b-28.jpg,chair_broken,13,29,161,215
chair-b-29.jpg,chair_broken,32,13,212,214
chair-b-3.jpg,chair_broken,42,37,171,201
chair-b-30.jpg,chair_broken,19,47,217,211
chair-b-31.jpg,chair_broken,5,42,92,200
chair-b-31.jpg,chair,123,19,217,199
chair-b-32.jpg,chair_broken,31,43,191,205
chair-b-33.jpg,chair_broken,96,26,210,203
chair-b-34.jpg,chair_broken,17,41,211,195
chair-b-35.jpg,chair_broken,18,43,188,219
chair-b-36.jpg,chair_broken,31,50,191,209
chair-b-37.jpg,chair_broken,114,10,210,182
chair-b-37.jpg,chair,11,8,110,173
chair-b-38.jpg,chair_broken,34,29,211,208
chair-b-39.jpg,chair_broken,12,7,211,202
chair-b-4.jpg,chair_broken,17,41,209,181
chair-b-40.jpg,chair_broken,30,50,190,201
chair-b-41.jpg,chair_broken,33,37,211,210
chair-b-42.jpg,chair_broken,46,32,211,165
chair-b-43.jpg,chair_broken,71,4,162,215
chair-b-44.jpg,chair_broken,41,30,199,208
chair-b-45.jpg,chair_broken,134,18,221,202
chair-b-46.jpg,chair_broken,14,25,217,210
chair-b-47.jpg,chair_broken,28,15,220,213
chair-b-48.jpg,chair_broken,22,21,204,177
chair-b-49.jpg,chair_broken,4,3,199,210
chair-b-5.jpg,chair_broken,52,16,180,184
chair-b-50.jpg,chair_broken,10,31,216,209
chair-b-51.jpg,chair_broken,19,19,201,178
chair-b-52.jpg,chair_broken,28,58,194,211
chair-b-53.jpg,chair_broken,11,23,221,163
chair-b-54.jpg,chair_broken,43,7,220,213
chair-b-55.jpg,chair_broken,31,25,205,214
chair-b-56.jpg,chair_broken,53,29,195,175
chair-b-57.jpg,chair_broken,13,40,213,186
chair-b-58.jpg,chair_broken,60,38,134,199
chair-b-59.jpg,chair_broken,78,72,172,173
chair-b-6.jpg,chair_broken,43,56,198,204
chair-b-60.jpg,chair_broken,31,39,193,176
chair-b-61.jpg,chair_broken,17,20,220,205
chair-b-62.jpg,chair_broken,4,29,182,219
chair-b-63.jpg,chair_broken,27,15,181,217
chair-b-64.jpg,chair_broken,21,22,202,212
chair-b-65.jpg,chair_broken,14,1,205,158
chair-b-66.jpg,chair_broken,11,39,193,185
chair-b-67.jpg,chair_broken,17,10,218,209
chair-b-68.jpg,chair_broken,9,23,88,122
chair-b-68.jpg,chair_broken,92,22,217,200
chair-b-69.jpg,chair_broken,7,6,209,221
chair-b-7.jpg,chair_broken,28,7,185,212
chair-b-70.jpg,chair_broken,52,16,119,167
chair-b-70.jpg,chair_broken,124,12,191,157
chair-b-71.jpg,chair_broken,21,14,210,192
chair-b-72.jpg,chair_broken,15,48,104,208
chair-b-73.jpg,chair_broken,9,13,131,140
chair-b-74.jpg,chair_broken,21,30,219,206
chair-b-75.jpg,chair_broken,35,26,210,196
chair-b-76.jpg,chair_broken,23,34,193,201
chair-b-77.jpg,chair_broken,89,45,201,210
chair-b-79.jpg,chair_broken,1,44,65,172
chair-b-79.jpg,chair_broken,154,23,216,201
chair-b-8.jpg,chair_broken,23,15,201,209
chair-b-82.jpg,chair_broken,19,25,139,174
chair-b-83.jpg,chair_broken,60,23,162,191
chair-b-84.jpg,chair_broken,13,8,195,216
chair-b-87.jpg,chair_broken,11,22,219,213
chair-b-88.jpg,chair_broken,13,52,215,209
chair-b-9.jpg,chair_broken,23,19,92,186
chair-b-95.jpg,chair_broken,8,39,213,219
hard_hat-101.jpg,hat_worker,6,101,95,224
hard_hat-101.jpg,hat_worker,97,79,210,223
hard_hat-102.jpg,hat_worker,16,14,93,224
hard_hat-102.jpg,hat_worker,78,4,185,221
hard_hat-103.jpg,hat_worker,84,15,193,221
hard_hat-106.jpg,hat_worker,25,44,72,223
hard_hat-106.jpg,hat_worker,88,31,150,224
hard_hat-108.jpg,hat_worker,30,2,182,213
hard_hat-11.jpg,hat_worker,48,6,141,224
hard_hat-110.jpg,hat_worker,119,34,192,224
hard_hat-110.jpg,hat_worker,49,32,117,218
hard_hat-110.jpg,hat_worker,45,19,68,137
hard_hat-111.jpg,hat_worker,41,4,208,221
hard_hat-112.jpg,hat_worker,175,64,221,219
hard_hat-112.jpg,hat_worker,85,58,130,215
hard_hat-112.jpg,hat_worker,133,70,172,215
hard_hat-112.jpg,hat_worker,39,71,84,213
hard_hat-113.jpg,hat_worker,76,25,140,218
hard_hat-113.jpg,hat_worker,135,9,219,213
hard_hat-117.jpg,hat_worker,146,8,224,219
hard_hat-12.jpg,hat_worker,130,15,209,224
hard_hat-12.jpg,hat_worker,15,51,83,222
hard_hat-12.jpg,hat_worker,78,108,112,221
hard_hat-121.jpg,hat_worker,136,31,191,220
hard_hat-121.jpg,hat_worker,96,78,138,157
hard_hat-121.jpg,hat_worker,67,96,94,220
hard_hat-123.jpg,hat_worker,22,90,48,216
hard_hat-123.jpg,hat_worker,51,95,72,214
hard_hat-123.jpg,hat_worker,72,86,94,210
hard_hat-123.jpg,hat_worker,96,86,117,199
hard_hat-123.jpg,hat_worker,119,77,139,208
hard_hat-123.jpg,hat_worker,141,81,164,208
hard_hat-123.jpg,hat_worker,165,87,183,203
hard_hat-123.jpg,hat_worker,181,75,207,208
hard_hat-123.jpg,hat_worker,195,24,221,109
hard_hat-123.jpg,hat_worker,7,26,23,116
hard_hat-123.jpg,hat_worker,33,27,52,95
hard_hat-123.jpg,hat_worker,61,30,77,97
hard_hat-125.jpg,hat_worker,36,6,168,222
hard_hat-127.jpg,hat_worker,101,33,156,222
hard_hat-127.jpg,hat_worker,48,53,107,182
hard_hat-128.jpg,hat_worker,82,4,146,211
hard_hat-129.jpg,hat_worker,18,8,83,186
hard_hat-129.jpg,hat_worker,99,24,196,110
hard_hat-130.jpg,hat_worker,12,100,34,173
hard_hat-130.jpg,hat_worker,43,111,60,186
hard_hat-130.jpg,hat_worker,63,114,79,209
hard_hat-130.jpg,hat_worker,80,116,92,205
hard_hat-130.jpg,hat_worker,111,99,126,167
hard_hat-130.jpg,hat_worker,126,98,139,170
hard_hat-130.jpg,hat_worker,210,98,221,170
hard_hat-130.jpg,hat_worker,198,94,208,163
hard_hat-131.jpg,hat_worker,108,76,155,209
hard_hat-131.jpg,hat_worker,64,73,105,210
hard_hat-132.jpg,hat_worker,79,8,180,210
hard_hat-132.jpg,hat_worker,1,23,52,221
hard_hat-136.jpg,hat_worker,131,48,201,224
hard_hat-136.jpg,hat_worker,82,47,132,194
hard_hat-136.jpg,hat_worker,21,14,98,222
hard_hat-139.jpg,hat_worker,13,74,27,182
hard_hat-139.jpg,hat_worker,31,78,44,167
hard_hat-139.jpg,hat_worker,53,113,68,165
hard_hat-139.jpg,hat_worker,72,114,90,161
hard_hat-139.jpg,hat_worker,103,117,118,169
hard_hat-139.jpg,hat_worker,162,101,176,200
hard_hat-139.jpg,hat_worker,182,113,200,207
hard_hat-139.jpg,hat_worker,139,90,151,156
hard_hat-140.jpg,hat_worker,23,15,180,224
hard_hat-141.jpg,hat_worker,38,19,140,224
hard_hat-141.jpg,hat_worker,139,3,222,222
hard_hat-144.jpg,hat_worker,39,6,185,217
hard_hat-146.jpg,hat_worker,22,73,117,221
hard_hat-147.jpg,hat_worker,106,71,170,223
hard_hat-148.jpg,hat_worker,126,4,223,221
hard_hat-148.jpg,hat_worker,37,52,161,195
hard_hat-151.jpg,hat_worker,79,3,150,219
hard_hat-151.jpg,hat_worker,12,14,69,222
hard_hat-152.jpg,hat_worker,74,27,181,218
hard_hat-153.jpg,hat_worker,179,48,224,219
hard_hat-153.jpg,hat_worker,121,26,199,203
hard_hat-153.jpg,hat_worker,56,64,139,177
hard_hat-153.jpg,hat_worker,3,84,53,172
hard_hat-155.jpg,hat_worker,93,20,154,215
hard_hat-155.jpg,hat_worker,42,11,92,218
hard_hat-156.jpg,hat_worker,103,53,147,187
hard_hat-156.jpg,hat_worker,58,51,103,179
hard_hat-157.jpg,hat_worker,140,3,224,221
hard_hat-157.jpg,hat_worker,77,26,155,182
hard_hat-157.jpg,hat_worker,4,18,81,224
hard_hat-158.jpg,hat_worker,8,6,147,224
hard_hat-159.jpg,hat_worker,51,26,92,224
hard_hat-159.jpg,hat_worker,19,25,55,222
hard_hat-16.jpg,hat_worker,25,34,57,194
hard_hat-16.jpg,hat_worker,78,32,111,193
hard_hat-16.jpg,hat_worker,123,38,152,192
hard_hat-16.jpg,hat_worker,164,25,197,191
hard_hat-160.jpg,hat_worker,154,32,209,199
hard_hat-160.jpg,hat_worker,77,2,150,224
hard_hat-17.jpg,hat_worker,10,14,194,222
hard_hat-19.jpg,hat_worker,98,45,154,219
hard_hat-19.jpg,hat_worker,28,27,100,220
hard_hat-2.jpg,hat_worker,147,28,223,220
hard_hat-2.jpg,hat_worker,76,9,160,178
hard_hat-20.jpg,hat_worker,13,6,145,200
hard_hat-21.jpg,hat_worker,106,47,182,211
hard_hat-21.jpg,hat_worker,38,37,117,189
hard_hat-22.jpg,hat_worker,9,6,39,200
hard_hat-22.jpg,hat_worker,45,14,75,200
hard_hat-22.jpg,hat_worker,78,17,104,205
hard_hat-22.jpg,hat_worker,116,16,151,218
hard_hat-22.jpg,hat_worker,154,13,185,172
hard_hat-22.jpg,hat_worker,196,18,223,197
hard_hat-24.jpg,hat_worker,52,30,197,220
hard_hat-25.jpg,hat_worker,57,4,176,221
hard_hat-29.jpg,hat_worker,8,3,125,221
hard_hat-30.jpg,hat_worker,119,8,203,216
hard_hat-32.jpg,hat_worker,165,78,220,222
hard_hat-32.jpg,hat_worker,94,27,140,133
hard_hat-33.jpg,hat_worker,130,8,184,217
hard_hat-33.jpg,hat_worker,81,37,117,176
hard_hat-37.jpg,hat_worker,126,1,223,220
hard_hat-37.jpg,hat_worker,43,47,119,204
hard_hat-39.jpg,hat_worker,149,4,222,211
hard_hat-39.jpg,hat_worker,107,2,151,153
hard_hat-39.jpg,hat_worker,43,1,93,146
hard_hat-41.jpg,hat_worker,90,3,205,213
hard_hat-42.jpg,hat_worker,18,18,69,199
hard_hat-42.jpg,hat_worker,80,31,99,167
hard_hat-42.jpg,hat_worker,98,16,145,194
hard_hat-43.jpg,hat_worker,101,56,126,162
hard_hat-43.jpg,hat_worker,130,49,160,159
hard_hat-45.jpg,hat_worker,101,21,198,219
hard_hat-46.jpg,hat_worker,11,42,48,199
hard_hat-46.jpg,hat_worker,54,43,83,195
hard_hat-46.jpg,hat_worker,92,9,146,204
hard_hat-46.jpg,hat_worker,142,20,170,176
hard_hat-46.jpg,hat_worker,167,26,213,186
hard_hat-48.jpg,hat_worker,45,6,214,221
hard_hat-49.jpg,hat_worker,112,53,147,151
hard_hat-49.jpg,hat_worker,142,60,174,166
hard_hat-5.jpg,hat_worker,47,37,120,172
hard_hat-5.jpg,hat_worker,110,7,222,186
hard_hat-51.jpg,hat_worker,9,3,73,150
hard_hat-51.jpg,hat_worker,116,6,160,69
hard_hat-51.jpg,hat_worker,172,1,222,69
hard_hat-52.jpg,hat_worker,16,20,101,147
hard_hat-52.jpg,hat_worker,91,73,168,202
hard_hat-54.jpg,hat_worker,83,134,98,192
hard_hat-54.jpg,hat_worker,121,38,205,221
hard_hat-55.jpg,hat_worker,69,5,113,99
hard_hat-55.jpg,hat_worker,117,28,181,112
hard_hat-56.jpg,hat_worker,73,30,103,149
hard_hat-56.jpg,hat_worker,121,40,183,217
hard_hat-58.jpg,hat_worker,45,4,187,214
hard_hat-6.jpg,hat_worker,13,5,91,207
hard_hat-6.jpg,hat_worker,96,9,219,215
hard_hat-60.jpg,hat_worker,23,4,193,207
hard_hat-61.jpg,hat_worker,16,41,62,188
hard_hat-61.jpg,hat_worker,58,49,104,195
hard_hat-62.jpg,hat_worker,54,33,185,178
hard_hat-62.jpg,hat_worker,118,3,223,73
hard_hat-64.jpg,hat_worker,73,64,147,217
hard_hat-65.jpg,hat_worker,12,48,117,210
hard_hat-66.jpg,hat_worker,97,41,190,190
hard_hat-67.jpg,hat_worker,14,8,220,215
hard_hat-69.jpg,hat_worker,22,44,109,221
hard_hat-69.jpg,hat_worker,101,8,204,216
hard_hat-70.jpg,hat_worker,14,15,88,135
hard_hat-70.jpg,hat_worker,128,20,218,137
hard_hat-71.jpg,hat_worker,20,12,216,219
hard_hat-72.jpg,hat_worker,79,64,109,139
hard_hat-72.jpg,hat_worker,106,61,141,159
hard_hat-74.jpg,hat_worker,62,73,103,161
hard_hat-74.jpg,hat_worker,130,21,172,162
hard_hat-76.jpg,hat_worker,55,10,150,221
hard_hat-77.jpg,hat_worker,64,24,176,179
hard_hat-78.jpg,hat_worker,7,29,99,204
hard_hat-78.jpg,hat_worker,137,18,221,206
hard_hat-8.jpg,hat_worker,42,13,104,194
hard_hat-8.jpg,hat_worker,165,57,202,178
hard_hat-80.jpg,hat_worker,16,27,53,198
hard_hat-80.jpg,hat_worker,57,18,119,195
hard_hat-80.jpg,hat_worker,127,67,145,159
hard_hat-80.jpg,hat_worker,151,50,195,152
hard_hat-81.jpg,hat_worker,28,14,219,218
hard_hat-82.jpg,hat_worker,6,29,113,186
hard_hat-82.jpg,hat_worker,118,51,218,220
hard_hat-83.jpg,hat_worker,41,15,196,220
hard_hat-86.jpg,hat_worker,30,13,85,212
hard_hat-86.jpg,hat_worker,99,18,151,218
hard_hat-86.jpg,hat_worker,156,9,216,214
hard_hat-88.jpg,hat_worker,33,16,128,215
hard_hat-88.jpg,hat_worker,176,67,224,217
hard_hat-90.jpg,hat_worker,15,52,82,219
hard_hat-90.jpg,hat_worker,90,14,161,216
hard_hat-90.jpg,hat_worker,153,23,221,218
hard_hat-91.jpg,hat_worker,19,43,64,213
hard_hat-91.jpg,hat_worker,66,57,115,219
hard_hat-92.jpg,hat_worker,76,15,153,206
hard_hat-96.jpg,hat_worker,49,11,135,224
hard_hat-99.jpg,hat_worker,30,40,144,168
hard_hat-99.jpg,hat_worker,142,56,223,188
hard_hat-u-1.jpg,hat_worker,143,63,202,212
hard_hat-u-1.jpg,hat_worker,66,30,122,194
hard_hat-u-1.jpg,hat_worker,5,38,73,212
hard_hat-u-10.jpg,hat_worker,23,50,62,162
hard_hat-u-10.jpg,hat_worker,58,42,91,167
hard_hat-u-10.jpg,hat_worker,165,22,206,213
hard_hat-u-100.jpg,hat_worker,57,5,130,213
hard_hat-u-11.jpg,hat_worker,122,6,201,214
hard_hat-u-12.jpg,hat_worker,102,10,185,212
hard_hat-u-13.jpg,hat_worker,97,5,162,215
hard_hat-u-15.jpg,hat_worker,23,30,77,147
hard_hat-u-15.jpg,hat_worker,91,35,134,150
hard_hat-u-15.jpg,hat_worker,144,22,213,158
hard_hat-u-16.jpg,hat_worker,105,55,185,217
hard_hat-u-17.jpg,hat_worker,97,21,173,169
hard_hat-u-18.jpg,hat_worker,23,17,147,215
hard_hat-u-19.jpg,hat_worker,96,16,170,222
hard_hat-u-20.jpg,hat_worker,80,19,144,214
hard_hat-u-20.jpg,hat_worker,32,79,67,216
hard_hat-u-22.jpg,hat_worker,13,40,113,222
hard_hat-u-23.jpg,hat_worker,91,15,162,159
hard_hat-u-24.jpg,hat_worker,68,17,198,209
hard_hat-u-25.jpg,hat_worker,41,9,153,196
hard_hat-u-26.jpg,hat_worker,73,27,133,176
hard_hat-u-27.jpg,hat_worker,41,22,156,208
hard_hat-u-28.jpg,hat_worker,55,11,187,197
hard_hat-u-29.jpg,hat_worker,86,1,199,209
hard_hat-u-30.jpg,hat_worker,67,75,161,215
hard_hat-u-30.jpg,hat_worker,180,110,216,222
hard_hat-u-31.jpg,hat_worker,64,78,98,206
hard_hat-u-31.jpg,hat_worker,96,95,120,205
hard_hat-u-31.jpg,hat_worker,181,113,201,198
hard_hat-u-31.jpg,hat_worker,129,105,157,202
hard_hat-u-32.jpg,hat_worker,58,44,125,202
hard_hat-u-33.jpg,hat_worker,13,50,48,197
hard_hat-u-33.jpg,hat_worker,83,27,144,196
hard_hat-u-33.jpg,hat_worker,167,49,217,201
hard_hat-u-34.jpg,hat_worker,11,17,75,195
hard_hat-u-34.jpg,hat_worker,57,6,147,187
hard_hat-u-35.jpg,hat_worker,14,83,75,220
hard_hat-u-36.jpg,hat_worker,8,48,46,164
hard_hat-u-36.jpg,hat_worker,58,33,104,148
hard_hat-u-36.jpg,hat_worker,119,54,159,177
hard_hat-u-36.jpg,hat_worker,169,45,221,187
hard_hat-u-37.jpg,hat_worker,45,22,109,172
hard_hat-u-38.jpg,hat_worker,147,80,186,222
hard_hat-u-39.jpg,hat_worker,81,9,157,209
hard_hat-u-4.jpg,hat_worker,64,53,109,160
hard_hat-u-4.jpg,hat_worker,143,12,209,152
hard_hat-u-40.jpg,hat_worker,67,6,157,218
hard_hat-u-40.jpg,hat_worker,167,109,199,221
hard_hat-u-40.jpg,hat_worker,2,97,45,210
hard_hat-u-42.jpg,hat_worker,81,33,161,200
hard_hat-u-43.jpg,hat_worker,57,97,78,193
hard_hat-u-43.jpg,hat_worker,109,94,131,196
hard_hat-u-43.jpg,hat_worker,135,97,156,192
hard_hat-u-43.jpg,hat_worker,159,93,181,192
hard_hat-u-44.jpg,hat_worker,89,23,180,208
hard_hat-u-45.jpg,hat_worker,76,7,153,213
hard_hat-u-46.jpg,hat_worker,68,35,146,199
hard_hat-u-48.jpg,hat_worker,67,2,175,199
hard_hat-u-49.jpg,hat_worker,37,4,145,210
hard_hat-u-5.jpg,hat_worker,97,14,190,217
hard_hat-u-50.jpg,hat_worker,46,19,93,213
hard_hat-u-52.jpg,hat_worker,8,5,60,183
hard_hat-u-52.jpg,hat_worker,88,41,125,161
hard_hat-u-53.jpg,hat_worker,98,35,179,207
hard_hat-u-54.jpg,hat_worker,43,10,165,207
hard_hat-u-55.jpg,hat_worker,114,53,164,159
hard_hat-u-56.jpg,hat_worker,24,5,84,194
hard_hat-u-57.jpg,hat_worker,135,2,191,168
hard_hat-u-58.jpg,hat_worker,91,60,129,149
hard_hat-u-58.jpg,hat_worker,126,92,171,216
hard_hat-u-59.jpg,hat_worker,49,11,128,213
hard_hat-u-6.jpg,hat_worker,87,5,181,212
hard_hat-u-60.jpg,hat_worker,104,18,167,185
hard_hat-u-61.jpg,hat_worker,38,13,89,182
hard_hat-u-62.jpg,hat_worker,4,33,24,164
hard_hat-u-62.jpg,hat_worker,31,31,57,125
hard_hat-u-62.jpg,hat_worker,180,9,221,170
hard_hat-u-63.jpg,hat_worker,42,23,163,213
hard_hat-u-64.jpg,hat_worker,109,8,216,215
hard_hat-u-65.jpg,hat_worker,91,40,168,205
hard_hat-u-66.jpg,hat_worker,34,63,97,200
hard_hat-u-66.jpg,hat_worker,133,114,169,205
hard_hat-u-66.jpg,hat_worker,174,120,210,213
hard_hat-u-66.jpg,hat_worker,106,127,133,218
hard_hat-u-68.jpg,hat_worker,45,7,93,184
hard_hat-u-69.jpg,hat_worker,85,36,143,211
hard_hat-u-7.jpg,hat_worker,133,5,210,187
hard_hat-u-7.jpg,hat_worker,10,65,51,192
hard_hat-u-70.jpg,hat_worker,11,51,37,161
hard_hat-u-70.jpg,hat_worker,52,60,77,147
hard_hat-u-70.jpg,hat_worker,92,73,122,156
hard_hat-u-71.jpg,hat_worker,102,12,198,207
hard_hat-u-72.jpg,hat_worker,112,15,221,204
hard_hat-u-73.jpg,hat_worker,113,25,150,179
hard_hat-u-73.jpg,hat_worker,158,34,200,167
hard_hat-u-76.jpg,hat_worker,26,26,73,162
hard_hat-u-76.jpg,hat_worker,94,39,133,183
hard_hat-u-76.jpg,hat_worker,151,16,198,185
hard_hat-u-77.jpg,hat_worker,32,5,188,188
hard_hat-u-78.jpg,hat_worker,32,4,103,218
hard_hat-u-78.jpg,hat_worker,118,31,201,216
hard_hat-u-79.jpg,hat_worker,48,30,126,218
hard_hat-u-8.jpg,hat_worker,33,6,188,213
hard_hat-u-80.jpg,hat_worker,64,6,191,220
hard_hat-u-81.jpg,hat_worker,5,14,54,205
hard_hat-u-81.jpg,hat_worker,70,42,128,211
hard_hat-u-81.jpg,hat_worker,160,16,218,209
hard_hat-u-82.jpg,hat_worker,22,14,61,172
hard_hat-u-82.jpg,hat_worker,70,9,118,176
hard_hat-u-82.jpg,hat_worker,125,6,163,183
hard_hat-u-83.jpg,hat_worker,111,25,154,163
hard_hat-u-83.jpg,hat_worker,159,35,198,174
hard_hat-u-84.jpg,hat_worker,68,4,158,194
hard_hat-u-85.jpg,hat_worker,106,8,192,188
hard_hat-u-86.jpg,hat_worker,60,20,174,219
hard_hat-u-87.jpg,hat_worker,129,8,188,210
hard_hat-u-88.jpg,hat_worker,34,1,130,215
hard_hat-u-89.jpg,hat_worker,44,39,103,176
hard_hat-u-89.jpg,hat_worker,106,65,219,172
hard_hat-u-9.jpg,hat_worker,19,2,97,187
hard_hat-u-9.jpg,hat_worker,166,20,202,189
hard_hat-u-90.jpg,hat_worker,66,50,129,160
hard_hat-u-91.jpg,hat_worker,102,1,216,199
hard_hat-u-92.jpg,hat_worker,90,3,155,193
hard_hat-u-93.jpg,hat_worker,40,18,82,161
hard_hat-u-93.jpg,hat_worker,117,1,155,48
hard_hat-u-94.jpg,hat_worker,53,9,182,213
hard_hat-u-96.jpg,hat_worker,36,60,109,205
hard_hat-u-96.jpg,hat_worker,119,16,180,169
hard_hat-u-97.jpg,hat_worker,66,16,106,180
hard_hat-u-97.jpg,hat_worker,108,23,154,162
hard_hat-u-98.jpg,hat_worker,67,6,138,222
hard_hat-u-98.jpg,hat_worker,133,10,219,206
hard_hat-u-99.jpg,hat_worker,150,53,199,218
hard_hat-u-99.jpg,hat_worker,108,60,149,210
hard_hat-u-99.jpg,hat_worker,30,4,110,199
head-1.jpg,headphone,71,27,170,175
head-10.jpg,headphone,35,13,192,203
head-11.jpg,headphone,6,27,216,215
head-12.jpg,headphone,7,11,214,215
head-13.jpg,headphone,56,27,171,194
head-14.jpg,headphone,46,10,182,200
head-15.jpg,headphone,19,14,196,208
head-16.jpg,headphone,27,11,200,216
head-17.jpg,headphone,29,7,197,216
head-18.jpg,headphone,33,22,187,198
head-19.jpg,headphone,46,13,177,165
head-2.jpg,headphone,16,20,211,181
head-21.jpg,headphone,41,12,193,201
head-22.jpg,headphone,16,7,214,218
head-23.jpg,headphone,177,4,217,140
head-24.jpg,headphone,51,16,214,213
head-25.jpg,headphone,20,38,202,181
head-26.jpg,headphone,61,10,171,194
head-27.jpg,headphone,51,10,212,154
head-28.jpg,headphone,37,7,189,221
head-29.jpg,headphone,15,24,208,199
head-30.jpg,headphone,26,25,206,208
head-31.jpg,headphone,40,11,127,142
head-31.jpg,headphone,94,80,211,217
head-32.jpg,headphone,49,5,188,213
head-33.jpg,headphone,28,10,174,217
head-34.jpg,headphone,25,17,162,211
head-35.jpg,headphone,22,32,203,211
head-36.jpg,headphone,26,64,195,176
head-37.jpg,headphone,16,19,72,190
head-37.jpg,headphone,67,15,114,191
head-37.jpg,headphone,113,13,162,191
head-37.jpg,headphone,157,14,212,192
head-38.jpg,headphone,13,27,103,169
head-39.jpg,headphone,32,37,191,177
head-4.jpg,headphone,43,24,187,219
head-40.jpg,headphone,23,8,85,221
head-40.jpg,headphone,94,10,212,220
head-41.jpg,headphone,7,21,77,171
head-41.jpg,headphone,91,3,134,157
head-41.jpg,headphone,158,18,216,166
head-42.jpg,headphone,4,52,185,201
head-43.jpg,headphone,33,53,147,212
head-44.jpg,headphone,16,31,90,158
head-44.jpg,headphone,134,38,218,167
head-45.jpg,headphone,71,52,162,148
head-45.jpg,headphone,184,50,215,128
head-45.jpg,headphone,98,6,189,54
head-5.jpg,headphone,11,51,103,214
head-5.jpg,headphone,114,3,194,80
head-6.jpg,headphone,41,46,184,193
head-7.jpg,headphone,18,46,171,202
head-8.jpg,headphone,19,31,287,269
head-9.jpg,headphone,41,14,202,203
headp-100.jpg,headphone,16,69,108,169
headp-100.jpg,headphone,117,46,206,151
headp-101.jpg,headphone,54,10,173,200
headp-102.jpg,headphone,41,10,171,210
headp-103.jpg,headphone,6,16,76,196
headp-103.jpg,headphone,96,18,132,198
headp-103.jpg,headphone,147,19,220,207
headp-104.jpg,headphone,58,16,164,183
headp-105.jpg,headphone,43,26,170,155
headp-106.jpg,headphone,23,47,87,158
headp-106.jpg,headphone,68,8,138,77
headp-108.jpg,headphone,6,44,99,140
headp-108.jpg,headphone,108,9,168,126
headp-110.jpg,headphone,38,68,111,220
headp-110.jpg,headphone,115,3,189,142
headp-111.jpg,headphone,111,21,169,131
headp-111.jpg,headphone,140,107,214,213
headp-112.jpg,headphone,53,22,171,86
headp-113.jpg,headphone,56,21,161,179
headp-114.jpg,headphone,63,14,159,173
headp-115.jpg,headphone,17,60,134,201
headp-115.jpg,headphone,139,46,212,131
headp-116.jpg,headphone,22,13,152,210
headp-117.jpg,headphone,16,38,96,155
headp-118.jpg,headphone,81,33,181,183
headp-119.jpg,headphone,73,8,147,164
headp-50.jpg,headphone,22,37,103,136
headp-50.jpg,headphone,128,37,198,133
headp-51.jpg,headphone,78,19,147,198
headp-52.jpg,headphone,83,24,168,200
headp-53.jpg,headphone,12,103,111,213
headp-53.jpg,headphone,105,13,215,112
headp-54.jpg,headphone,48,33,148,203
headp-55.jpg,headphone,83,46,201,180
headp-56.jpg,headphone,28,47,181,174
headp-57.jpg,headphone,4,40,212,184
headp-58.jpg,headphone,14,24,190,224
headp-59.jpg,headphone,81,24,189,179
headp-60.jpg,headphone,11,70,79,155
headp-60.jpg,headphone,106,30,192,127
headp-61.jpg,headphone,29,10,122,64
headp-61.jpg,headphone,107,89,194,150
headp-62.jpg,headphone,64,34,156,199
headp-63.jpg,headphone,20,12,99,123
headp-63.jpg,headphone,125,9,210,151
headp-64.jpg,headphone,20,73,139,143
headp-65.jpg,headphone,68,23,158,180
headp-66.jpg,headphone,12,20,104,111
headp-66.jpg,headphone,126,10,212,140
headp-67.jpg,headphone,26,38,199,206
headp-68.jpg,headphone,77,13,161,187
headp-69.jpg,headphone,60,31,172,164
headp-70.jpg,headphone,49,29,163,187
headp-71.jpg,headphone,78,16,159,194
headp-72.jpg,headphone,33,46,193,199
headp-73.jpg,headphone,112,59,214,172
headp-74.jpg,headphone,57,31,168,197
headp-75.jpg,headphone,58,53,166,198
headp-76.jpg,headphone,47,36,157,209
headp-77.jpg,headphone,57,46,170,186
headp-78.jpg,headphone,9,77,166,186
headp-79.jpg,headphone,54,45,161,221
headp-80.jpg,headphone,37,38,199,210
headp-81.jpg,headphone,29,93,181,178
headp-82.jpg,headphone,8,29,103,194
headp-82.jpg,headphone,117,22,216,197
headp-83.jpg,headphone,60,18,160,207
headp-84.jpg,headphone,37,3,120,194
headp-84.jpg,headphone,124,141,178,195
headp-85.jpg,headphone,58,23,165,201
headp-86.jpg,headphone,66,37,166,168
headp-87.jpg,headphone,63,38,158,198
headp-88.jpg,headphone,77,28,182,186
headp-89.jpg,headphone,8,57,168,210
headp-90.jpg,headphone,60,11,165,216
headp-91.jpg,headphone,81,6,140,189
headp-92.jpg,headphone,60,34,151,185
headp-93.jpg,headphone,22,103,67,166
headp-93.jpg,headphone,80,129,141,212
headp-94.jpg,headphone,36,58,99,213
headp-95.jpg,headphone,69,23,150,168
headp-96.jpg,headphone,82,9,146,206
headp-97.jpg,headphone,46,37,148,207
headp-98.jpg,headphone,54,41,166,173
headp-99.jpg,headphone,6,28,44,180
headp-99.jpg,headphone,67,47,157,188
headp-99.jpg,headphone,169,33,220,174
headphone-.jpg,headphone,58,9,144,196
headphone-121.jpg,headphone,32,30,203,201
headphone-122.jpg,headphone,11,35,79,191
headphone-122.jpg,headphone,157,1,200,140
headphone-123.jpg,headphone,23,20,195,196
headphone-124.jpg,headphone,41,37,187,206
headphone-125.jpg,headphone,41,14,218,211
headphone-126.jpg,headphone,33,15,220,187
headphone-127.jpg,headphone,44,11,178,214
headphone-128.jpg,headphone,89,1,170,198
headphone-129.jpg,headphone,51,11,168,174
headphone-130.jpg,headphone,28,24,199,207
headphone-131.jpg,headphone,21,12,215,181
headphone-132.jpg,headphone,64,4,177,213
headphone-133.jpg,headphone,5,34,208,216
headphone-135.jpg,headphone,56,27,168,207
headphone-136.jpg,headphone,24,12,193,220
headphone-137.jpg,headphone,61,93,158,212
headphone-137.jpg,headphone,110,2,220,69
headphone-137.jpg,headphone,23,5,100,52
headphone-138.jpg,headphone,105,3,182,66
headphone-139.jpg,headphone,27,16,119,91
headphone-140.jpg,headphone,32,89,81,185
headphone-140.jpg,headphone,86,90,133,182
headphone-140.jpg,headphone,131,80,179,184
headphone-140.jpg,headphone,97,54,122,74
headphone-140.jpg,headphone,79,49,99,79
headphone-140.jpg,headphone,11,119,29,163
headphone-141.jpg,headphone,31,66,117,190
headphone-142.jpg,headphone,58,90,151,210
headphone-143.jpg,headphone,15,27,217,186
headphone-144.jpg,headphone,58,25,165,170
headphone-145.jpg,headphone,106,10,210,185
headphone-146.jpg,headphone,15,38,211,164
headphone-147.jpg,headphone,29,51,211,193
headphone-148.jpg,headphone,31,15,206,205
headphone-149.jpg,headphone,71,18,164,134
headphone-150.jpg,headphone,21,18,204,167
headphone-152.jpg,headphone,79,16,147,208
headphone-153.jpg,headphone,72,7,178,213
headphone-154.jpg,headphone,62,22,165,172
headphone-155.jpg,headphone,36,10,115,59
headphone-156.jpg,headphone,6,19,108,195
headphone-156.jpg,headphone,114,25,218,196
headphone-157.jpg,headphone,51,33,180,207
headphone-158.jpg,headphone,51,26,76,153
headphone-158.jpg,headphone,128,29,149,138
headphone-158.jpg,headphone,203,100,211,122
headphone-159.jpg,headphone,98,26,212,199
headphone-160.jpg,headphone,51,23,173,86
headphone-161.jpg,headphone,54,41,208,188
headphone-162.jpg,headphone,105,9,135,77
headphone-163.jpg,headphone,45,66,92,116
headphone-164.jpg,headphone,66,3,148,168
headphone-166.jpg,headphone,126,34,220,166
headphone-167.jpg,headphone,38,47,61,108
headphone-168.jpg,headphone,70,154,169,217
headphone-169.jpg,headphone,160,18,193,134
headphone-170.jpg,headphone,11,26,212,197
headphone-171.jpg,headphone,57,3,130,65
headphone-172.jpg,headphone,106,101,121,127
headphone-173.jpg,headphone,130,15,152,118
headphone-174.jpg,headphone,100,7,129,109
headphone-175.jpg,headphone,40,3,78,145
headphone-176.jpg,headphone,124,46,153,128
headphone-177.jpg,headphone,25,4,64,131
headphone-177.jpg,headphone,163,3,193,131
headphone-178.jpg,headphone,45,44,83,92
headphone-179.jpg,headphone,53,43,71,96
headphone-180.jpg,headphone,51,16,71,68
headphone-181.jpg,headphone,53,5,84,91
headphone-182.jpg,headphone,55,3,83,153
headphone-182.jpg,headphone,158,4,176,164
headphone-183.jpg,headphone,109,98,156,129
headphone-184.jpg,headphone,120,51,143,154
headphone-185.jpg,headphone,87,86,165,121
headphone-186.jpg,headphone,56,41,98,172
headphone-186.jpg,headphone,117,35,145,150
headphone-187.jpg,headphone,130,18,163,167
headphone-188.jpg,headphone,144,15,164,125
headphone-188.jpg,headphone,84,22,100,103
headphone-189.jpg,headphone,88,22,104,78
headphone-190.jpg,headphone,137,52,151,115
headphone-190.jpg,headphone,70,50,88,118
headphone-192.jpg,headphone,92,43,145,168
headphone-193.jpg,headphone,85,49,111,128
headphone-193.jpg,headphone,178,49,200,130
headphone-194.jpg,headphone,120,13,134,58
headphone-195.jpg,headphone,65,24,114,157
headphone-196.jpg,headphone,95,90,123,113
headphone-197.jpg,headphone,67,1,89,50
headphone-198.jpg,headphone,43,41,70,106
headphone-198.jpg,headphone,129,45,145,107
headphone-198.jpg,headphone,194,40,212,107
headphone-199.jpg,headphone,62,13,102,149
headphone-200.jpg,headphone,56,45,170,169
headphone-201.jpg,headphone,126,16,164,68
headphone-202.jpg,headphone,32,30,43,97
headphone-202.jpg,headphone,85,36,100,104
headphone-203.jpg,headphone,131,30,150,92
headphone-204.jpg,headphone,80,26,95,62
headphone-204.jpg,headphone,146,61,161,114
headphone-205.jpg,headphone,65,30,97,126
headphone-205.jpg,headphone,162,46,178,126
headphone-207.jpg,headphone,31,16,48,84
headphone-208.jpg,headphone,120,1,146,96
headphone-209.jpg,headphone,154,3,197,75
headphone-210.jpg,headphone,35,28,55,85
lap-1.jpg,laptop,23,18,205,202
lap-10.jpg,laptop,8,6,155,210
lap-10.jpg,laptop,126,5,199,58
lap-100.jpg,laptop,7,116,155,203
lap-100.jpg,laptop,107,53,218,175
lap-101.jpg,laptop,42,14,185,202
lap-102.jpg,laptop,17,20,115,170
lap-102.jpg,laptop,122,45,218,188
lap-103.jpg,laptop,7,37,213,191
lap-104.jpg,laptop,7,26,98,149
lap-104.jpg,laptop,94,18,214,192
lap-105.jpg,laptop,25,1,208,211
lap-106.jpg,laptop,52,8,174,205
lap-107.jpg,laptop,10,24,115,164
lap-107.jpg,laptop,114,23,214,153
lap-108.jpg,laptop,20,8,202,203
lap-109.jpg,laptop,10,21,50,141
lap-109.jpg,laptop,63,21,95,158
lap-109.jpg,laptop,123,19,215,190
lap-11.jpg,laptop,48,14,191,197
lap-110.jpg,laptop,30,69,179,171
lap-111.jpg,laptop,30,41,121,186
lap-111.jpg,laptop,128,33,210,156
lap-112.jpg,laptop,21,60,205,155
lap-113.jpg,laptop,14,25,118,194
lap-113.jpg,laptop,132,33,219,204
lap-114.jpg,laptop,10,17,111,197
lap-114.jpg,laptop,119,26,213,184
lap-115.jpg,laptop,5,34,204,188
lap-116.jpg,laptop,57,13,199,190
lap-117.jpg,laptop,48,31,195,198
lap-118.jpg,laptop,25,44,217,183
lap-119.jpg,laptop,31,24,107,107
lap-119.jpg,laptop,124,8,219,115
lap-119.jpg,laptop,85,112,145,153
lap-119.jpg,laptop,142,126,217,223
lap-119.jpg,laptop,10,143,98,215
lap-12.jpg,laptop,32,7,196,208
lap-120.jpg,laptop,47,14,188,197
lap-121.jpg,laptop,30,11,197,207
lap-122.jpg,laptop,5,44,217,176
lap-123.jpg,laptop,21,31,211,190
lap-124.jpg,laptop,36,3,186,213
lap-125.jpg,laptop,31,6,215,219
lap-126.jpg,laptop,32,8,196,214
lap-127.jpg,laptop,26,49,211,209
lap-128.jpg,laptop,13,22,220,221
lap-129.jpg,laptop,30,32,221,189
lap-13.jpg,laptop,3,33,180,209
lap-13.jpg,laptop,115,7,221,138
lap-130.jpg,laptop,4,25,209,203
lap-131.jpg,laptop,19,74,205,199
lap-132.jpg,laptop,31,15,190,215
lap-133.jpg,laptop,23,28,215,193
lap-134.jpg,laptop,6,40,202,178
lap-135.jpg,laptop,38,45,194,165
lap-136.jpg,laptop,36,24,185,205
lap-138.jpg,laptop,63,36,170,192
lap-139.jpg,laptop,13,16,203,209
lap-14.jpg,laptop,19,39,214,183
lap-140.jpg,laptop,35,23,183,210
lap-141.jpg,laptop,42,8,190,206
lap-142.jpg,laptop,46,51,108,106
lap-142.jpg,laptop,117,17,170,86
lap-142.jpg,laptop,90,110,157,197
lap-143.jpg,laptop,31,26,205,163
lap-144.jpg,laptop,26,28,218,188
lap-145.jpg,laptop,15,62,97,186
lap-145.jpg,laptop,113,44,222,184
lap-146.jpg,laptop,19,5,280,216
lap-148.jpg,laptop,17,8,207,212
lap-149.jpg,laptop,2,9,207,210
lap-15.jpg,laptop,25,24,207,196
lap-150.jpg,laptop,17,49,217,178
lap-151.jpg,laptop,93,38,205,189
lap-152.jpg,laptop,12,33,217,186
lap-154.jpg,laptop,41,24,119,200
lap-154.jpg,laptop,120,36,173,189
lap-155.jpg,laptop,50,18,182,179
lap-157.jpg,laptop,30,13,200,207
lap-158.jpg,laptop,59,17,172,213
lap-159.jpg,laptop,24,19,188,187
lap-16.jpg,laptop,35,7,114,88
lap-16.jpg,laptop,96,87,160,149
lap-16.jpg,laptop,10,106,96,213
lap-160.jpg,laptop,41,19,192,207
lap-161.jpg,laptop,7,32,192,197
lap-162.jpg,laptop,33,29,196,208
lap-163.jpg,laptop,3,15,207,216
lap-164.jpg,laptop,4,16,218,208
lap-165.jpg,laptop,28,11,192,196
lap-166.jpg,laptop,28,55,197,169
lap-168.jpg,laptop,29,25,196,196
lap-17.jpg,laptop,43,18,176,136
lap-170.jpg,laptop,30,17,206,193
lap-171.jpg,laptop,22,23,215,199
lap-172.jpg,laptop,4,33,218,206
lap-173.jpg,laptop,36,24,204,185
lap-174.jpg,laptop,98,7,213,211
lap-175.jpg,laptop,19,50,209,175
lap-176.jpg,laptop,33,22,162,206
lap-177.jpg,laptop,24,7,201,218
lap-178.jpg,laptop,22,28,206,192
lap-18.jpg,laptop,10,68,204,194
lap-181.jpg,laptop,19,36,221,177
lap-182.jpg,laptop,48,25,191,208
lap-183.jpg,laptop,31,2,209,213
lap-184.jpg,laptop,18,25,216,195
lap-185.jpg,laptop,27,8,209,201
lap-186.jpg,laptop,9,6,219,211
lap-189.jpg,laptop,50,12,198,204
lap-19.jpg,laptop,81,30,184,171
lap-190.jpg,laptop,16,27,216,212
lap-191.jpg,laptop,47,9,205,205
lap-192.jpg,laptop,51,12,201,200
lap-193.jpg,laptop,85,87,152,211
lap-193.jpg,laptop,5,90,79,218
lap-193.jpg,laptop,158,91,218,217
lap-193.jpg,laptop,58,13,108,86
lap-193.jpg,laptop,114,4,167,91
lap-194.jpg,laptop,35,12,190,210
lap-195.jpg,laptop,4,102,101,204
lap-195.jpg,laptop,116,118,216,214
lap-195.jpg,laptop,1,8,88,92
lap-195.jpg,laptop,58,13,112,59
lap-195.jpg,laptop,121,6,219,95
lap-196.jpg,laptop,21,51,187,214
lap-197.jpg,laptop,21,6,215,209
lap-198.jpg,laptop,23,7,211,199
lap-199.jpg,laptop,53,13,200,210
lap-2.jpg,laptop,21,83,81,167
lap-2.jpg,laptop,73,88,153,188
lap-2.jpg,laptop,150,74,215,173
lap-20.jpg,laptop,18,26,203,177
lap-200.jpg,laptop,14,25,161,182
lap-21.jpg,laptop,22,72,98,166
lap-21.jpg,laptop,112,86,201,214
lap-22.jpg,laptop,8,45,215,166
lap-23.jpg,laptop,11,43,153,181
lap-23.jpg,laptop,159,70,206,155
lap-24.jpg,laptop,48,2,160,223
lap-25.jpg,laptop,33,79,139,212
lap-25.jpg,laptop,156,61,217,166
lap-26.jpg,laptop,81,22,152,203
lap-26.jpg,laptop,161,22,215,202
lap-26.jpg,laptop,11,19,73,196
lap-27.jpg,laptop,6,61,128,179
lap-27.jpg,laptop,127,55,218,144
lap-28.jpg,laptop,38,27,179,213
lap-29.jpg,laptop,12,112,80,172
lap-29.jpg,laptop,133,100,210,177
lap-29.jpg,laptop,59,170,144,206
lap-3.jpg,laptop,38,10,188,205
lap-30.jpg,laptop,63,22,111,101
lap-30.jpg,laptop,121,22,164,98
lap-30.jpg,laptop,172,24,219,97
lap-30.jpg,laptop,173,127,218,204
lap-30.jpg,laptop,64,126,109,200
lap-31.jpg,laptop,59,5,214,218
lap-32.jpg,laptop,11,25,83,165
lap-32.jpg,laptop,101,74,165,151
lap-32.jpg,laptop,132,111,217,208
lap-33.jpg,laptop,17,22,195,200
lap-34.jpg,laptop,56,24,172,161
lap-34.jpg,laptop,7,81,88,207
lap-35.jpg,laptop,11,53,127,191
lap-35.jpg,laptop,130,55,215,159
lap-36.jpg,laptop,24,29,184,196
lap-37.jpg,laptop,31,48,200,215
lap-38.jpg,laptop,126,15,218,169
lap-38.jpg,laptop,53,13,131,193
lap-39.jpg,laptop,94,34,219,212
lap-39.jpg,laptop,7,25,116,215
lap-4.jpg,laptop,21,15,111,179
lap-4.jpg,laptop,121,22,214,187
lap-40.jpg,laptop,75,52,144,181
lap-40.jpg,laptop,145,62,212,193
lap-41.jpg,laptop,7,3,124,190
lap-41.jpg,laptop,120,22,189,131
lap-42.jpg,laptop,20,41,120,179
lap-42.jpg,laptop,124,52,201,151
lap-43.jpg,laptop,35,4,187,215
lap-44.jpg,laptop,7,49,98,189
lap-44.jpg,laptop,109,41,221,211
lap-45.jpg,laptop,25,24,183,199
lap-46.jpg,laptop,44,7,190,206
lap-47.jpg,laptop,16,30,129,195
lap-47.jpg,laptop,145,79,213,195
lap-48.jpg,laptop,111,8,207,175
lap-49.jpg,laptop,5,2,99,260
lap-49.jpg,laptop,63,1,177,128
lap-5.jpg,laptop,26,106,112,221
lap-5.jpg,laptop,81,4,158,103
lap-50.jpg,laptop,45,9,191,207
lap-51.jpg,laptop,12,8,132,215
lap-52.jpg,laptop,76,5,149,218
lap-52.jpg,laptop,152,4,213,215
lap-53.jpg,laptop,111,60,220,171
lap-6.jpg,laptop,8,42,90,140
lap-60.jpg,laptop,31,26,185,200
lap-61.jpg,laptop,66,45,204,181
lap-62.jpg,laptop,45,50,208,185
lap-63.jpg,laptop,40,32,191,170
lap-64.jpg,laptop,69,7,216,209
lap-65.jpg,laptop,8,2,69,113
lap-65.jpg,laptop,84,8,139,115
lap-65.jpg,laptop,150,13,215,105
lap-65.jpg,laptop,113,119,185,207
lap-65.jpg,laptop,32,120,92,215
lap-66.jpg,laptop,55,53,209,183
lap-67.jpg,laptop,52,44,170,175
lap-68.jpg,laptop,38,46,193,168
lap-69.jpg,laptop,24,46,199,174
lap-7.jpg,laptop,42,23,184,212
lap-70.jpg,laptop,43,3,190,208
lap-71.jpg,laptop,88,10,214,213
lap-72.jpg,laptop,10,5,208,203
lap-73.jpg,laptop,77,10,173,201
lap-74.jpg,laptop,20,13,179,203
lap-75.jpg,laptop,16,45,206,176
lap-76.jpg,laptop,28,48,163,150
lap-77.jpg,laptop,22,43,213,185
lap-78.jpg,laptop,44,8,185,212
lap-79.jpg,laptop,44,23,190,179
lap-8.jpg,laptop,41,38,192,178
lap-80.jpg,laptop,68,8,122,97
lap-80.jpg,laptop,134,4,217,101
lap-80.jpg,laptop,79,117,147,208
lap-81.jpg,laptop,28,42,214,180
lap-82.jpg,laptop,10,23,205,184
lap-83.jpg,laptop,40,10,144,198
lap-84.jpg,laptop,11,31,218,182
lap-85.jpg,laptop,47,23,173,190
lap-86.jpg,laptop,14,40,203,182
lap-87.jpg,laptop,111,11,221,179
lap-87.jpg,laptop,46,14,109,93
lap-87.jpg,laptop,80,86,144,202
lap-88.jpg,laptop,91,30,195,192
lap-89.jpg,laptop,22,22,210,183
lap-9.jpg,laptop,36,14,194,193
lap-90.jpg,laptop,50,17,181,207
lap-91.jpg,laptop,50,7,174,194
lap-92.jpg,laptop,51,23,216,185
lap-93.jpg,laptop,8,50,184,168
lap-94.jpg,laptop,42,56,177,171
lap-95.jpg,laptop,13,39,161,176
lap-96.jpg,laptop,5,53,91,157
lap-96.jpg,laptop,126,55,211,162
lap-97.jpg,laptop,61,16,159,154
lap-98.jpg,laptop,16,12,111,183
lap-98.jpg,laptop,117,15,216,181
lap-99.jpg,laptop,22,18,211,202
mo-100.jpg,computer_mouse,166,113,216,158
mo-101.jpg,computer_mouse,147,110,210,187
mo-102.jpg,computer_mouse,186,142,222,205
mo-103.jpg,computer_mouse,102,116,185,216
mo-104.jpg,computer_mouse,153,129,222,190
mo-105.jpg,computer_mouse,123,147,214,191
mo-106.jpg,computer_mouse,170,123,220,183
mo-107.jpg,computer_mouse,121,87,183,141
mo-108.jpg,computer_mouse,148,119,219,171
mo-109.jpg,computer_mouse,160,143,219,192
mo-110.jpg,computer_mouse,166,140,224,190
mo-111.jpg,computer_mouse,24,136,95,186
mo-112.jpg,computer_mouse,11,103,114,224
mo-113.jpg,computer_mouse,188,80,215,148
mo-114.jpg,computer_mouse,141,140,207,177
mo-115.jpg,computer_mouse,177,121,220,192
mo-116.jpg,computer_mouse,147,146,177,216
mo-118.jpg,computer_mouse,106,151,165,208
mo-119.jpg,computer_mouse,157,194,175,223
mo-120.jpg,computer_mouse,183,50,223,98
mo-121.jpg,computer_mouse,197,96,223,136
mo-123.jpg,computer_mouse,190,64,218,138
mo-124.jpg,computer_mouse,32,75,56,109
mo-126.png,computer_mouse,121,156,140,183
mo-127.jpg,computer_mouse,177,51,219,82
mo-128.jpg,computer_mouse,166,133,202,195
mo-129.jpg,computer_mouse,177,122,219,192
mo-130.jpg,computer_mouse,117,177,180,218
mo-132.jpg,computer_mouse,191,99,222,130
mo-133.jpg,computer_mouse,119,88,183,217
mo-134.jpg,computer_mouse,138,45,169,101
mo-135.png,computer_mouse,164,97,205,130
mo-136.jpg,computer_mouse,163,48,198,87
mo-137.jpg,computer_mouse,153,103,207,148
mo-138.jpg,computer_mouse,176,45,216,158
mo-139.jpg,computer_mouse,102,80,184,180
mo-140.jpg,computer_mouse,139,130,206,157
mo-141.jpg,computer_mouse,182,79,222,204
mo-142.jpg,computer_mouse,147,29,188,83
mo-143.jpg,computer_mouse,187,127,218,205
mo-144.jpg,computer_mouse,161,141,218,182
mo-145.jpg,computer_mouse,76,131,139,167
mo-146.jpg,computer_mouse,131,85,203,138
mo-148.jpg,computer_mouse,84,128,211,184
mo-149.jpg,computer_mouse,85,96,165,171
mo-150.jpg,computer_mouse,186,102,219,128
mo-152.jpg,computer_mouse,85,144,141,213
mo-153.jpg,computer_mouse,148,2,199,82
mo-154.jpg,computer_mouse,171,129,197,179
mo-155.jpg,computer_mouse,13,120,87,171
mo-156.jpg,computer_mouse,144,45,202,73
mo-157.jpg,computer_mouse,89,27,149,123
mo-158.jpg,computer_mouse,146,126,205,153
mo-159.jpg,computer_mouse,116,115,189,177
mo-160.jpg,computer_mouse,173,111,216,161
mo-161.jpg,computer_mouse,177,57,209,124
mo-162.jpg,computer_mouse,175,145,219,172
mo-163.jpg,computer_mouse,39,83,75,119
mo-163.jpg,computer_mouse,173,134,221,170
mo-164.jpg,computer_mouse,145,47,202,73
mo-164.jpg,computer_mouse,177,144,219,161
mo-165.jpg,computer_mouse,176,104,220,185
mo-166.jpg,computer_mouse,137,65,186,157
mo-167.jpg,computer_mouse,87,96,172,216
mo-168.jpg,computer_mouse,162,29,208,95
mo-169.jpg,computer_mouse,130,105,220,145
mo-170.jpg,computer_mouse,191,141,222,221
mo-171.jpg,computer_mouse,37,109,70,156
mo-172.jpg,computer_mouse,143,134,219,180
mo-173.jpg,computer_mouse,183,127,218,199
mo-174.jpg,computer_mouse,128,120,175,168
mo-175.jpg,computer_mouse,189,85,220,134
mo-176.jpg,computer_mouse,22,173,71,218
mo-177.jpg,computer_mouse,162,156,220,213
mo-178.jpg,computer_mouse,177,99,219,178
mo-179.jpg,computer_mouse,23,164,102,209
mo-180.jpg,computer_mouse,191,122,222,159
mo-70.jpg,computer_mouse,195,73,219,155
mo-71.jpg,computer_mouse,106,150,150,220
mo-72.jpg,computer_mouse,160,132,222,160
mo-73.jpg,computer_mouse,200,80,223,130
mo-74.jpg,computer_mouse,71,135,175,193
mo-75.jpg,computer_mouse,180,110,213,178
mo-77.jpg,computer_mouse,198,84,222,200
mo-78.jpg,computer_mouse,124,135,216,198
mo-79.jpg,computer_mouse,54,142,122,197
mo-80.jpg,computer_mouse,75,118,138,156
mo-81.jpg,computer_mouse,152,108,210,186
mo-82.jpg,computer_mouse,127,100,178,171
mo-83.jpg,computer_mouse,191,85,222,186
mo-84.jpg,computer_mouse,188,67,218,152
mo-85.jpg,computer_mouse,187,148,222,175
mo-86.jpg,computer_mouse,152,155,219,214
mo-87.jpg,computer_mouse,160,133,221,216
mo-88.jpg,computer_mouse,165,125,217,153
mo-89.jpg,computer_mouse,136,134,215,158
mo-90.jpg,computer_mouse,192,75,222,148
mo-91.jpg,computer_mouse,163,117,205,180
mo-92.jpg,computer_mouse,88,157,161,220
mo-93.jpg,computer_mouse,139,125,212,170
mo-94.jpg,computer_mouse,136,131,201,181
mo-95.jpg,computer_mouse,104,137,163,212
mo-96.jpg,computer_mouse,184,55,220,160
mo-97.jpg,computer_mouse,56,134,153,196
mo-98.jpg,computer_mouse,168,118,222,156
mo-99.jpg,computer_mouse,191,103,224,134
mou-.jpg,computer_mouse,75,13,223,282
mou-1.jpg,computer_mouse,38,70,270,215
mou-10.jpg,computer_mouse,49,77,259,221
mou-11.jpg,computer_mouse,30,24,287,244
mou-12.jpg,computer_mouse,24,4,282,273
mou-13.jpg,computer_mouse,9,21,277,278
mou-14.jpg,computer_mouse,11,50,298,235
mou-15.jpg,computer_mouse,37,10,292,287
mou-16.jpg,computer_mouse,89,11,209,283
mou-18.jpg,computer_mouse,20,52,290,253
mou-19.jpg,computer_mouse,4,7,300,279
mou-19.jpg,computer_mouse,25,24,298,275
mou-2.jpg,computer_mouse,32,70,288,227
mou-20.jpg,computer_mouse,74,6,215,292
mou-21.jpg,computer_mouse,30,85,279,240
mou-22.jpg,computer_mouse,81,78,214,205
mou-23.jpg,computer_mouse,88,52,272,256
mou-24.jpg,computer_mouse,72,65,240,272
mou-25.jpg,computer_mouse,40,22,254,284
mou-26.jpg,computer_mouse,46,98,193,279
mou-27.jpg,computer_mouse,57,29,281,294
mou-28.jpg,computer_mouse,36,38,228,250
mou-29.jpg,computer_mouse,70,22,249,268
mou-3.jpg,computer_mouse,30,3,278,297
mou-30.jpg,computer_mouse,30,43,266,253
mou-31.jpg,computer_mouse,54,73,260,245
mou-32.jpg,computer_mouse,55,105,242,222
mou-33.jpg,computer_mouse,23,13,283,251
mou-34.jpg,computer_mouse,43,20,264,261
mou-35.jpg,computer_mouse,49,68,259,292
mou-36.jpg,computer_mouse,43,18,240,250
mou-37.jpg,computer_mouse,100,43,200,279
mou-38.jpg,computer_mouse,27,94,281,207
mou-39.jpg,computer_mouse,27,72,293,197
mou-4.jpg,computer_mouse,6,124,202,292
mou-40.jpg,computer_mouse,89,75,295,291
mou-41.jpg,computer_mouse,90,72,287,292
mou-42.jpg,computer_mouse,49,8,211,278
mou-43.jpg,computer_mouse,63,111,233,205
mou-44.jpg,computer_mouse,53,40,254,244
mou-45.jpg,computer_mouse,39,17,258,173
mou-46.jpg,computer_mouse,26,35,283,263
mou-47.jpg,computer_mouse,53,58,266,295
mou-48.jpg,computer_mouse,77,16,223,279
mou-49.jpg,computer_mouse,38,72,271,211
mou-5.jpg,computer_mouse,47,65,260,226
mou-50.jpg,computer_mouse,69,15,226,279
mou-51.jpg,computer_mouse,33,30,106,151
mou-51.jpg,computer_mouse,36,168,127,277
mou-51.jpg,computer_mouse,157,158,260,272
mou-51.jpg,computer_mouse,156,35,249,142
mou-52.jpg,computer_mouse,90,85,232,122
mou-52.jpg,computer_mouse,11,141,156,195
mou-52.jpg,computer_mouse,163,137,292,194
mou-52.jpg,computer_mouse,23,215,156,274
mou-52.jpg,computer_mouse,163,218,292,273
mou-53.jpg,computer_mouse,78,42,226,255
mou-54.jpg,computer_mouse,4,151,147,254
mou-54.jpg,computer_mouse,7,41,142,142
mou-54.jpg,computer_mouse,157,32,278,137
mou-54.jpg,computer_mouse,159,149,293,268
mou-55.jpg,computer_mouse,9,143,124,221
mou-55.jpg,computer_mouse,21,24,134,93
mou-55.jpg,computer_mouse,127,64,252,119
mou-55.jpg,computer_mouse,119,137,229,215
mou-56.jpg,computer_mouse,7,34,148,260
mou-56.jpg,computer_mouse,175,31,300,262
mou-57.jpg,computer_mouse,10,74,289,237
mou-58.jpg,computer_mouse,11,131,134,268
mou-58.jpg,computer_mouse,97,84,225,191
mou-58.jpg,computer_mouse,176,26,294,121
mou-59.jpg,computer_mouse,33,39,134,256
mou-59.jpg,computer_mouse,146,120,292,168
mou-6.jpg,computer_mouse,11,15,299,282
mou-60.jpg,computer_mouse,33,142,258,275
mou-60.jpg,computer_mouse,127,72,243,132
mou-60.jpg,computer_mouse,171,31,269,73
mou-61.jpg,computer_mouse,125,106,262,285
mou-7.jpg,computer_mouse,7,119,249,275
mou-8.jpg,computer_mouse,53,137,199,296
mou-9.jpg,computer_mouse,5,5,221,295
usb-1.jpg,usb,14,101,125,194
usb-10.jpg,usb,23,105,194,187
usb-100.jpg,usb,136,15,204,86
usb-101.jpg,usb,22,11,117,68
usb-102.jpg,usb,56,137,143,201
usb-103.jpg,usb,101,32,192,129
usb-104.jpg,usb,127,143,184,192
usb-106.jpg,usb,13,91,82,155
usb-107.jpg,usb,4,5,97,88
usb-108.jpg,usb,55,75,87,117
usb-109.jpg,usb,3,115,65,179
usb-11.jpg,usb,3,108,92,212
usb-110.jpg,usb,21,120,87,195
usb-111.jpg,usb,34,72,83,118
usb-112.jpg,usb,66,53,186,133
usb-113.jpg,usb,127,165,208,215
usb-114.jpg,usb,146,72,196,114
usb-115.jpg,usb,154,12,222,86
usb-116.jpg,usb,3,24,106,105
usb-117.jpg,usb,130,136,171,172
usb-118.jpg,usb,11,89,56,131
usb-119.jpg,usb,17,126,55,167
usb-12.jpg,usb,58,130,95,157
usb-12.jpg,usb,171,37,211,124
usb-12.jpg,chair_broken,101,110,129,131
usb-120.jpg,usb,78,64,142,121
usb-121.jpg,usb,119,40,153,92
usb-122.jpg,usb,110,104,172,142
usb-122.jpg,usb,51,2,107,48
usb-123.jpg,usb,78,156,125,195
usb-124.jpg,usb,69,86,102,118
usb-125.jpg,usb,128,62,170,121
usb-126.jpg,usb,5,118,46,175
usb-127.jpg,usb,105,110,165,171
usb-128.jpg,usb,120,96,184,174
usb-129.jpg,usb,68,95,104,160
usb-13.jpg,usb,6,100,95,188
usb-130.jpg,usb,34,2,120,104
usb-131.jpg,usb,49,16,204,180
usb-132.jpg,usb,138,13,221,116
usb-133.jpg,usb,76,53,111,124
usb-134.jpg,usb,77,132,123,199
usb-135.jpg,usb,4,133,58,193
usb-137.jpg,usb,114,125,141,155
usb-138.jpg,usb,48,50,168,170
usb-139.jpg,usb,99,105,172,198
usb-14.jpg,usb,93,77,178,137
usb-140.jpg,usb,27,84,88,140
usb-141.jpg,usb,156,158,199,205
usb-142.jpg,usb,49,67,180,161
usb-143.jpg,usb,14,85,106,167
usb-144.jpg,usb,146,149,193,190
usb-145.jpg,usb,67,90,119,179
usb-147.jpg,usb,127,148,213,217
usb-149.jpg,usb,78,47,112,115
usb-149.jpg,usb,178,48,213,113
usb-15.jpg,usb,39,34,119,105
usb-150.jpg,usb,64,122,144,191
usb-151.jpg,usb,10,92,114,151
usb-152.jpg,usb,140,137,193,184
usb-153.jpg,usb,64,132,115,177
usb-154.jpg,usb,41,100,86,165
usb-155.jpg,usb,103,130,194,221
usb-156.jpg,usb,6,58,40,120
usb-158.jpg,usb,52,125,92,160
usb-159.jpg,usb,57,52,94,110
usb-16.jpg,usb,8,107,76,169
usb-160.jpg,usb,55,37,91,87
usb-161.jpg,usb,28,6,106,66
usb-162.jpg,usb,19,113,94,162
usb-163.jpg,usb,48,56,76,95
usb-169.jpg,usb,93,174,113,215
usb-17.jpg,usb,59,5,151,77
usb-170.jpg,usb,170,127,209,173
usb-171.jpg,usb,6,127,57,181
usb-172.jpg,usb,6,79,164,198
usb-173.jpg,usb,63,73,179,141
usb-175.jpg,usb,46,93,122,173
usb-176.jpg,usb,55,59,88,103
usb-177.jpg,usb,39,130,97,195
usb-178.jpg,usb,92,117,168,175
usb-179.jpg,usb,145,48,207,115
usb-18.jpg,usb,111,74,209,146
usb-180.jpg,usb,117,150,169,214
usb-181.jpg,usb,73,102,134,152
usb-182.jpg,usb,3,34,57,86
usb-182.jpg,usb,5,106,53,163
usb-182.jpg,usb,62,102,116,161
usb-183.jpg,usb,3,51,78,171
usb-184.jpg,usb,11,101,91,156
usb-185.jpg,usb,99,114,163,218
usb-186.jpg,usb,103,94,167,179
usb-187.jpg,usb,148,92,191,160
usb-188.jpg,usb,105,114,161,219
usb-189.jpg,usb,148,127,200,177
usb-19.jpg,usb,16,61,86,167
usb-190.jpg,usb,76,93,164,174
usb-191.jpg,usb,122,176,142,215
usb-193.jpg,usb,6,115,83,218
usb-194.jpg,usb,158,116,178,151
usb-195.jpg,usb,185,117,216,158
usb-197.jpg,usb,135,131,179,172
usb-198.jpg,usb,100,156,148,213
usb-2.jpg,usb,28,110,97,193
usb-20.jpg,usb,130,131,218,211
usb-200.jpg,usb,56,60,82,104
usb-21.jpg,usb,112,120,178,185
usb-22.jpg,usb,5,102,116,196
usb-23.jpg,usb,19,124,77,178
usb-24.jpg,usb,144,87,220,175
usb-25.jpg,usb,45,151,112,212
usb-26.jpg,usb,4,142,73,218
usb-27.jpg,usb,15,80,74,140
usb-28.png,usb,29,151,163,266
usb-29.jpg,usb,124,16,194,113
usb-3.jpg,usb,5,2,87,78
usb-30.jpg,usb,24,41,111,123
usb-31.jpg,usb,90,127,141,213
usb-32.jpg,usb,13,24,93,108
usb-33.jpg,usb,4,85,98,194
usb-34.jpg,usb,74,49,113,98
usb-35.jpg,usb,28,93,100,156
usb-38.jpg,usb,32,6,95,88
usb-39.jpg,usb,3,134,35,215
usb-39.jpg,usb,129,148,161,209
usb-4.jpg,usb,139,2,219,91
usb-40.jpg,usb,67,103,152,167
usb-41.jpg,usb,82,104,142,176
usb-42.jpg,usb,7,99,103,188
usb-44.jpg,usb,36,133,84,178
usb-44.jpg,usb,155,37,189,87
usb-45.jpg,usb,88,131,163,217
usb-46.jpg,usb,21,124,76,188
usb-47.jpg,usb,145,48,174,109
usb-49.jpg,usb,67,133,127,183
usb-5.jpg,usb,65,36,129,101
usb-50.jpg,usb,141,135,191,217
usb-51.jpg,usb,3,137,66,196
usb-52.jpg,usb,6,134,55,198
usb-54.jpg,usb,9,110,82,193
usb-56.jpg,usb,12,10,72,72
usb-6.jpg,usb,22,123,92,198
usb-62.jpg,usb,8,77,88,158
usb-63.jpg,usb,16,90,59,118
usb-64.jpg,usb,71,145,118,179
usb-65.jpg,usb,115,179,147,220
usb-66.jpg,usb,64,159,113,191
usb-67.jpg,usb,3,107,63,172
usb-68.jpg,usb,4,112,72,167
usb-69.jpg,usb,138,117,201,168
usb-7.jpg,usb,112,157,151,197
usb-7.jpg,usb,54,169,89,214
usb-7.jpg,usb,142,55,183,101
usb-70.jpg,usb,182,60,204,93
usb-71.jpg,usb,136,101,222,170
usb-72.jpg,usb,184,161,222,204
usb-73.jpg,usb,72,164,142,221
usb-74.jpg,usb,9,128,74,197
usb-75.jpg,usb,10,92,90,162
usb-76.jpg,usb,82,96,139,129
usb-77.jpg,usb,81,145,171,217
usb-78.jpg,usb,46,145,84,205
usb-79.jpg,usb,43,100,126,164
usb-8.jpg,usb,4,134,68,208
usb-80.jpg,usb,44,31,118,91
usb-81.jpg,usb,58,81,137,159
usb-82.jpg,usb,89,133,114,170
usb-83.jpg,usb,54,108,122,181
usb-84.jpg,usb,99,137,140,180
usb-85.jpg,usb,109,91,172,147
usb-86.jpg,usb,54,51,99,120
usb-87.jpg,usb,5,4,75,56
usb-88.jpg,usb,167,27,204,121
usb-89.jpg,usb,51,161,85,190
usb-9.jpg,usb,146,67,222,132
usb-90.jpg,usb,34,118,119,209
usb-91.jpg,usb,49,129,93,163
usb-92.jpg,usb,137,119,159,152
usb-93.jpg,usb,8,125,68,164
usb-94.jpg,usb,115,95,178,157
usb-95.jpg,usb,49,144,103,216
usb-96.jpg,usb,106,155,138,206
usb-97.jpg,usb,167,124,219,199
usb-98.jpg,usb,147,134,194,179
usb-99.jpg,usb,43,100,84,158
win-1.jpg,window,14,76,38,122
win-1.jpg,window,65,78,86,125
win-1.jpg,window,100,77,126,127
win-1.jpg,window,138,78,164,126
win-1.jpg,window,140,3,161,47
win-1.jpg,window,65,2,89,47
win-1.jpg,window,98,158,123,212
win-1.jpg,window,60,157,84,208
win-10.jpg,window,10,35,74,148
win-10.jpg,window,85,38,148,147
win-10.jpg,window,158,46,218,146
win-10.jpg,window,11,174,57,220
win-10.jpg,window,95,175,145,220
win-10.jpg,window,178,171,224,215
win-101.jpg,window,61,32,152,195
win-101.jpg,window,156,19,191,195
win-101.jpg,window,34,32,56,192
win-102.jpg,window,20,1,167,197
win-103.jpg,window,43,29,176,184
win-104.jpg,window,80,33,153,176
win-104.jpg,window,149,13,219,121
win-105.jpg,window,20,69,211,196
win-105.jpg,window,19,3,62,62
win-105.jpg,window,73,1,145,55
win-106.jpg,window,104,1,173,162
win-107.jpg,window,46,32,176,148
win-107.jpg,window,4,35,36,146
win-108.jpg,window,112,22,212,193
win-109.jpg,window,49,16,190,186
win-11.jpg,window,90,84,132,142
win-11.jpg,window,175,84,217,142
win-11.jpg,window,6,84,49,142
win-11.jpg,window,5,178,49,221
win-11.jpg,window,89,179,132,221
win-11.jpg,window,175,177,218,221
win-110.jpg,window,5,37,153,127
win-111.jpg,window,39,26,182,206
win-112.jpg,window,11,27,183,180
win-113.jpg,window,28,8,200,206
win-115.jpg,window,25,6,132,185
win-116.jpg,window,39,30,123,213
win-117.jpg,window,42,10,171,160
win-118.jpg,window,40,55,166,211
win-119.jpg,window,13,31,175,205
win-120.jpg,window,102,32,217,188
win-121.jpg,window,29,6,118,134
win-121.jpg,window,154,8,222,142
win-122.jpg,window,28,12,72,162
win-122.jpg,window,95,25,134,156
win-122.jpg,window,145,39,165,140
win-123.jpg,window,23,14,104,102
win-123.jpg,window,123,12,203,100
win-123.jpg,window,25,116,103,209
win-123.jpg,window,120,118,204,206
win-124.jpg,window,12,1,191,217
win-126.jpg,window,52,32,162,129
win-127.jpg,window,23,6,204,212
win-128.jpg,window,14,7,153,162
win-129.jpg,window,34,1,170,208
win-13.jpg,window,3,64,51,185
win-13.jpg,window,86,62,138,192
win-13.jpg,window,175,61,222,196
win-130.jpg,window,7,4,154,212
win-14.jpg,window,3,21,47,48
win-14.jpg,window,94,21,136,47
win-14.jpg,window,141,21,181,48
win-14.jpg,window,48,66,89,90
win-14.jpg,window,94,68,135,89
win-14.jpg,window,141,67,181,91
win-14.jpg,window,50,113,89,134
win-14.jpg,window,96,113,134,134
win-14.jpg,window,140,114,178,134
win-14.jpg,window,94,157,136,180
win-14.jpg,window,47,156,90,181
win-15.jpg,window,58,40,81,85
win-15.jpg,window,93,41,116,85
win-15.jpg,window,58,101,80,146
win-15.jpg,window,131,102,152,146
win-15.jpg,window,166,102,189,144
win-15.jpg,window,94,163,115,204
win-15.jpg,window,167,45,189,86
win-15.jpg,window_broken,22,43,45,85
win-15.jpg,window_broken,130,43,152,86
win-15.jpg,window_broken,95,105,115,144
win-15.jpg,window_broken,24,106,44,146
win-16.jpg,window,7,16,67,176
win-16.jpg,window,87,37,145,186
win-16.jpg,window,157,49,209,193
win-17.jpg,window,24,71,46,160
win-17.jpg,window,60,58,83,141
win-17.jpg,window,159,63,176,155
win-17.jpg,window,182,67,209,159
win-18.jpg,window,32,48,66,77
win-18.jpg,window,117,53,150,83
win-18.jpg,window,74,86,111,117
win-18.jpg,window,70,128,111,163
win-18.jpg,window,168,133,204,166
win-18.jpg,window,24,126,61,163
win-25.jpg,window,5,8,222,221
win-26.jpg,window,16,6,208,221
win-27.jpg,window,53,24,96,180
win-27.jpg,window,99,15,214,204
win-29.jpg,window,27,22,197,197
win-30.jpg,window,40,32,206,188
win-31.jpg,window,7,25,157,154
win-32.jpg,window,25,11,185,213
win-33.jpg,window,19,11,205,201
win-37.jpg,window,23,30,199,196
win-38.jpg,window,42,36,193,184
win-39.jpg,window,14,16,208,187
win-4.jpg,window,51,6,67,81
win-4.jpg,window,47,98,65,194
win-4.jpg,window,24,112,40,213
win-4.jpg,window,152,4,167,99
win-4.jpg,window,140,80,156,190
win-40.jpg,window,9,6,220,105
win-41.jpg,window,26,17,192,207
win-42.jpg,window,42,6,179,213
win-43.jpg,window,11,38,214,180
win-44.jpg,window,75,7,147,176
win-44.jpg,window,6,33,79,191
win-48.jpg,window,50,7,176,165
win-49.jpg,window,12,4,207,211
win-5.jpg,window,83,8,103,31
win-5.jpg,window,121,8,138,33
win-5.jpg,window,87,45,103,69
win-5.jpg,window,119,45,137,71
win-5.jpg,window,121,84,136,106
win-5.jpg,window,88,84,102,106
win-5.jpg,window,168,102,184,123
win-5.jpg,window,170,137,182,159
win-5.jpg,window,87,161,103,182
win-5.jpg,window,121,159,138,181
win-5.jpg,window,120,119,136,145
win-50.jpg,window,102,21,131,208
win-50.jpg,window,141,6,183,218
win-51.jpg,window,13,11,189,174
win-52.jpg,window,15,27,215,211
win-53.jpg,window,30,35,184,215
win-54.jpg,window,16,7,205,206
win-55.jpg,window,11,37,220,178
win-56.jpg,window,28,53,75,177
win-56.jpg,window,67,50,157,177
win-56.jpg,window,152,38,192,193
win-57.jpg,window,106,14,190,208
win-58.jpg,window,24,17,198,206
win-59.jpg,window,38,5,186,207
win-6.jpg,window,5,9,60,74
win-6.jpg,window,81,6,138,77
win-6.jpg,window,159,6,218,76
win-6.jpg,window,2,109,60,220
win-6.jpg,window,81,106,140,220
win-6.jpg,window,158,108,220,221
win-60.jpg,window,32,23,194,129
win-61.jpg,window,4,22,216,201
win-62.jpg,window,45,62,98,183
win-62.jpg,window,133,70,191,188
win-63.jpg,window,55,7,166,186
win-64.jpg,window,44,44,179,148
win-65.jpg,window,20,6,188,211
win-66.jpg,window,34,26,194,197
win-67.jpg,window,15,36,47,190
win-67.jpg,window,52,32,96,192
win-67.jpg,window,102,30,147,193
win-67.jpg,window,151,31,188,191
win-68.jpg,window,26,6,201,183
win-69.jpg,window,47,7,88,196
win-69.jpg,window,94,8,184,210
win-7.jpg,window_broken,5,34,33,85
win-7.jpg,window_broken,66,35,94,82
win-7.jpg,window_broken,124,35,155,83
win-7.jpg,window_broken,187,35,216,80
win-7.jpg,window_broken,64,143,93,199
win-7.jpg,window_broken,126,143,153,200
win-7.jpg,window_broken,5,143,36,200
win-70.jpg,window,40,9,208,174
win-71.jpg,window,128,62,165,150
win-71.jpg,window,82,53,119,167
win-71.jpg,window,21,27,77,184
win-72.jpg,window,12,11,48,182
win-72.jpg,window,77,1,123,215
win-72.jpg,window,117,8,175,214
win-73.jpg,window,43,2,183,210
win-74.jpg,window,66,8,157,48
win-74.jpg,window,68,57,150,191
win-74.jpg,window,165,51,207,188
win-74.jpg,window,10,51,60,167
win-75.jpg,window,66,30,154,195
win-76.jpg,window,47,32,154,186
win-77.jpg,window,17,4,154,95
win-77.jpg,window,22,103,159,166
win-78.jpg,window,74,34,142,182
win-78.jpg,window,151,32,200,189
win-78.jpg,window,18,22,62,189
win-8.jpg,window,90,26,129,91
win-8.jpg,window,168,23,202,90
win-8.jpg,window,164,121,204,181
win-8.jpg,window,93,122,126,190
win-8.jpg,window,24,125,55,192
win-80.jpg,window,19,44,205,185
win-81.jpg,window,70,9,210,213
win-82.jpg,window,57,13,171,194
win-83.jpg,window,31,10,183,207
win-84.jpg,window,32,14,198,209
win-85.jpg,window,25,74,101,186
win-85.jpg,window,106,37,217,195
win-86.jpg,window,68,2,108,194
win-86.jpg,window,114,5,162,187
win-87.jpg,window,59,7,167,211
win-88.jpg,window,4,33,147,186
win-89.jpg,window,63,4,165,215
win-90.jpg,window,51,7,167,179
win-91.jpg,window,38,27,193,165
win-92.jpg,window,26,26,206,173
win-93.jpg,window,67,22,206,175
win-94.jpg,window,112,12,187,186
win-94.jpg,window,21,6,98,178
win-95.jpg,window,72,14,139,209
win-95.jpg,window,4,4,65,208
win-96.jpg,window,154,42,217,153
win-96.jpg,window,74,11,131,173
win-97.jpg,window,53,25,103,155
win-97.jpg,window,109,20,145,155
win-98.jpg,window,60,14,130,183
win-b-1.jpg,window_broken,28,39,63,91
win-b-1.jpg,window_broken,77,39,112,89
win-b-1.jpg,window_broken,116,39,151,87
win-b-1.jpg,window_broken,116,107,150,156
win-b-1.jpg,window_broken,199,109,222,156
win-b-1.jpg,window_broken,27,109,58,155
win-b-1.jpg,window_broken,26,179,59,219
win-b-1.jpg,window_broken,81,179,111,220
win-b-1.jpg,window_broken,116,179,147,217
win-b-10.jpg,window_broken,1,40,34,84
win-b-10.jpg,window_broken,43,101,80,170
win-b-10.jpg,window_broken,141,98,180,179
win-b-101.jpg,window_broken,64,7,163,216
win-b-102.jpg,window_broken,83,57,105,124
win-b-102.jpg,window,16,15,43,98
win-b-102.jpg,window,72,149,103,218
win-b-102.jpg,window,9,157,40,218
win-b-103.jpg,window_broken,44,88,192,219
win-b-103.jpg,window_broken,39,17,188,87
win-b-104.jpg,window_broken,91,17,140,117
win-b-104.jpg,window,11,76,70,171
win-b-104.jpg,window,157,111,217,210
win-b-105.jpg,window_broken,12,46,204,223
win-b-106.jpg,window_broken,37,46,98,204
win-b-106.jpg,window_broken,116,41,179,203
win-b-107.jpg,window_broken,12,9,120,219
win-b-108.jpg,window_broken,14,33,219,188
win-b-109.jpg,window_broken,18,71,40,108
win-b-109.jpg,window_broken,37,42,61,74
win-b-109.jpg,window_broken,70,22,94,52
win-b-109.jpg,window_broken,124,46,146,81
win-b-109.jpg,window_broken,54,102,97,133
win-b-109.jpg,window_broken,98,139,117,177
win-b-109.jpg,window_broken,39,169,64,206
win-b-109.jpg,window_broken,150,170,178,210
win-b-109.jpg,window_broken,167,103,187,139
win-b-109.jpg,window,113,106,149,136
win-b-109.jpg,window,142,50,182,81
win-b-109.jpg,window,20,135,81,175
win-b-11.jpg,window_broken,22,79,53,203
win-b-11.jpg,window_broken,91,15,134,195
win-b-110.jpg,window_broken,28,13,182,207
win-b-111.jpg,window_broken,21,14,211,211
win-b-112.jpg,window_broken,87,4,222,139
win-b-114.jpg,window_broken,50,77,101,152
win-b-116.jpg,window_broken,2,3,223,221
win-b-117.jpg,window_broken,29,12,194,180
win-b-118.jpg,window_broken,44,27,103,115
win-b-118.jpg,window_broken,144,36,198,122
win-b-118.jpg,window,5,125,48,211
win-b-118.jpg,window,102,126,203,215
win-b-118.jpg,window,98,34,146,117
win-b-118.jpg,window,3,28,49,114
win-b-119.jpg,window_broken,32,44,206,129
win-b-119.jpg,window,25,141,207,187
win-b-12.jpg,window_broken,70,16,158,56
win-b-12.jpg,window_broken,45,96,168,204
win-b-130.jpg,window_broken,38,32,162,183
win-b-131.jpg,window_broken,5,5,222,129
win-b-132.jpg,window_broken,63,15,189,218
win-b-133.jpg,window_broken,70,5,220,223
win-b-135.jpg,window_broken,110,23,142,207
win-b-135.jpg,window,54,61,85,162
win-b-135.jpg,window,7,37,23,87
win-b-135.jpg,window,45,5,82,54
win-b-135.jpg,window,181,45,214,105
win-b-136.jpg,window_broken,31,62,141,164
win-b-137.jpg,window_broken,98,12,194,172
win-b-138.jpg,window_broken,75,22,163,118
win-b-139.jpg,window_broken,57,16,165,203
win-b-14.jpg,window_broken,14,45,42,85
win-b-14.jpg,window_broken,55,41,82,79
win-b-14.jpg,window_broken,130,90,161,136
win-b-14.jpg,window_broken,91,95,121,138
win-b-14.jpg,window_broken,131,148,165,204
win-b-14.jpg,window_broken,88,153,121,207
win-b-14.jpg,window_broken,175,146,210,191
win-b-14.jpg,window_broken,176,86,209,135
win-b-140.jpg,window_broken,29,2,190,215
win-b-15.jpg,window_broken,110,47,190,96
win-b-15.jpg,window_broken,113,106,184,150
win-b-15.jpg,window_broken,29,104,63,151
win-b-16.jpg,window_broken,131,40,185,126
win-b-17.jpg,window_broken,29,83,106,143
win-b-17.jpg,window_broken,117,30,204,140
win-b-2.jpg,window_broken,18,59,51,93
win-b-2.jpg,window_broken,69,58,102,93
win-b-2.jpg,window_broken,123,56,153,92
win-b-2.jpg,window_broken,122,116,156,145
win-b-2.jpg,window_broken,174,117,208,145
win-b-2.jpg,window_broken,69,115,103,148
win-b-2.jpg,window_broken,18,115,50,148
win-b-2.jpg,window_broken,121,173,154,204
win-b-20.jpg,window_broken,86,24,214,210
win-b-21.jpg,window_broken,135,62,194,148
win-b-22.jpg,window_broken,22,42,104,122
win-b-22.jpg,window_broken,125,41,211,126
win-b-22.jpg,window_broken,126,133,215,218
win-b-22.jpg,window_broken,23,128,105,210
win-b-25.jpg,window_broken,24,31,183,206
win-b-26.jpg,window_broken,27,6,185,216
win-b-27.jpg,window_broken,69,10,218,212
win-b-28.jpg,window_broken,12,28,186,217
win-b-29.jpg,window_broken,5,36,214,162
win-b-3.jpg,window_broken,21,17,89,119
win-b-3.jpg,window_broken,127,11,209,111
win-b-30.jpg,window_broken,11,11,212,217
win-b-31.jpg,window_broken,23,11,195,210
win-b-32.jpg,window_broken,5,6,110,205
win-b-33.jpg,window_broken,43,12,213,205
win-b-34.jpg,window_broken,77,14,195,212
win-b-35.jpg,window_broken,30,11,215,215
win-b-36.jpg,window_broken,26,4,177,217
win-b-37.jpg,window_broken,51,8,207,213
win-b-38.jpg,window_broken,6,17,176,203
win-b-39.jpg,window_broken,66,4,219,184
win-b-4.jpg,window_broken,43,58,71,91
win-b-4.jpg,window_broken,77,59,109,90
win-b-4.jpg,window_broken,112,57,143,91
win-b-4.jpg,window_broken,153,57,184,93
win-b-4.jpg,window_broken,150,113,179,145
win-b-4.jpg,window_broken,116,115,146,145
win-b-4.jpg,window_broken,43,113,72,141
win-b-4.jpg,window_broken,79,113,107,146
win-b-40.jpg,window_broken,78,16,212,214
win-b-41.jpg,window_broken,42,27,173,206
win-b-42.jpg,window_broken,38,15,141,183
win-b-43.jpg,window_broken,35,25,188,197
win-b-44.jpg,window_broken,20,6,184,205
win-b-46.jpg,window_broken,41,7,186,191
win-b-47.jpg,window_broken,4,26,63,169
win-b-47.jpg,window_broken,61,20,138,168
win-b-47.jpg,window_broken,141,16,215,166
win-b-48.jpg,window_broken,23,11,199,207
win-b-5.jpg,window_broken,12,25,66,109
win-b-5.jpg,window_broken,155,22,221,108
win-b-5.jpg,window_broken,70,111,154,144
win-b-50.jpg,window_broken,71,6,149,198
win-b-52.jpg,window_broken,21,8,88,222
win-b-52.jpg,window,82,4,213,220
win-b-55.jpg,window_broken,108,33,204,194
win-b-56.jpg,window_broken,3,10,217,200
win-b-57.jpg,window_broken,107,9,217,167
win-b-58.jpg,window_broken,30,9,213,119
win-b-58.jpg,window_broken,22,102,212,215
win-b-59.jpg,window_broken,15,5,111,213
win-b-59.jpg,window,138,9,180,199
win-b-59.jpg,window,108,1,153,203
win-b-6.jpg,window_broken,35,83,104,174
win-b-60.jpg,window,128,36,221,203
win-b-60.jpg,window_broken,3,36,109,192
win-b-62.jpg,window_broken,85,3,155,107
win-b-62.jpg,window,48,108,85,197
win-b-62.jpg,window,86,98,157,208
win-b-62.jpg,window,158,4,218,105
win-b-62.jpg,window,159,110,218,216
win-b-63.jpg,window_broken,88,8,210,166
win-b-64.jpg,window_broken,25,39,104,196
win-b-64.jpg,window_broken,121,38,197,194
win-b-65.jpg,window_broken,39,15,189,179
win-b-66.jpg,window_broken,14,45,81,169
win-b-66.jpg,window_broken,142,44,211,170
win-b-68.jpg,window_broken,10,15,221,205
win-b-69.jpg,window_broken,29,5,200,218
win-b-7.jpg,window_broken,67,34,131,170
win-b-7.jpg,window_broken,147,29,211,168
win-b-7.jpg,window_broken,1,28,61,172
win-b-70.jpg,window_broken,13,6,111,205
win-b-70.jpg,window_broken,105,2,208,209
win-b-72.jpg,window_broken,102,14,214,209
win-b-74.jpg,window_broken,5,11,219,214
win-b-75.jpg,window_broken,71,29,174,99
win-b-77.jpg,window_broken,46,28,195,193
win-b-78.jpg,window_broken,22,4,214,163
win-b-79.jpg,window_broken,155,10,215,101
win-b-79.jpg,window,89,35,145,186
win-b-79.jpg,window,29,55,79,129
win-b-79.jpg,window,34,131,79,200
win-b-80.jpg,window_broken,70,3,166,195
win-b-81.jpg,window_broken,28,8,201,210
win-b-82.jpg,window_broken,68,11,206,207
win-b-84.jpg,window_broken,70,4,207,178
win-b-85.jpg,window_broken,12,39,209,201
win-b-86.jpg,window_broken,62,11,212,206
win-b-87.jpg,window_broken,79,54,164,211
win-b-89.jpg,window_broken,17,10,206,206
win-b-90.jpg,window_broken,21,5,206,132
win-b-91.jpg,window_broken,110,13,198,183
win-b-92.jpg,window_broken,27,36,176,181
win-b-93.jpg,window_broken,40,44,210,196
win-b-94.jpg,window_broken,82,25,181,128
win-b-94.jpg,window_broken,15,32,84,88
win-b-94.jpg,window_broken,151,28,219,59
win-b-94.jpg,window_broken,17,85,91,128
win-b-95.jpg,window_broken,59,37,164,200
win-b-98.jpg,window_broken,92,15,183,201
win-b-99.jpg,window_broken,63,9,114,153
win-b-99.jpg,window_broken,114,2,149,150